-- phpMyAdmin SQL Dump
-- version 4.0.10.14
-- http://www.phpmyadmin.net
--
-- Servidor: localhost:3306
-- Tiempo de generación: 19-03-2017 a las 23:32:35
-- Versión del servidor: 5.6.33
-- Versión de PHP: 5.4.31

SET SQL_MODE = "NO_AUTO_VALUE_ON_ZERO";
SET time_zone = "+00:00";


/*!40101 SET @OLD_CHARACTER_SET_CLIENT=@@CHARACTER_SET_CLIENT */;
/*!40101 SET @OLD_CHARACTER_SET_RESULTS=@@CHARACTER_SET_RESULTS */;
/*!40101 SET @OLD_COLLATION_CONNECTION=@@COLLATION_CONNECTION */;
/*!40101 SET NAMES utf8 */;

--
-- Base de datos: `cualesmi_lavanderia`
--

DELIMITER $$
--
-- Procedimientos
--
$$

$$

$$

$$

$$

$$

$$

$$

$$

$$

$$

DELIMITER ;

-- --------------------------------------------------------

--
-- Estructura de tabla para la tabla `Cliente`
--

CREATE TABLE IF NOT EXISTS `Cliente` (
  `idCliente` int(11) NOT NULL AUTO_INCREMENT,
  `nombreCliente` varchar(300) NOT NULL,
  `dniCliente` varchar(8) NOT NULL,
  `correoCliente` varchar(120) NOT NULL,
  `direccionCliente` varchar(150) NOT NULL,
  `telefonoCliente` varchar(20) NOT NULL,
  `fecha_registro` datetime NOT NULL DEFAULT CURRENT_TIMESTAMP,
  `usuarioCreador` int(11) DEFAULT NULL,
  PRIMARY KEY (`idCliente`),
  UNIQUE KEY `idCliente` (`idCliente`)
) ENGINE=MyISAM  DEFAULT CHARSET=latin1 AUTO_INCREMENT=250 ;

--
-- Volcado de datos para la tabla `Cliente`
--

INSERT INTO `Cliente` (`idCliente`, `nombreCliente`, `dniCliente`, `correoCliente`, `direccionCliente`, `telefonoCliente`, `fecha_registro`, `usuarioCreador`) VALUES
(1, 'Hugo Jimenez', '25825772', '', '', '', '2017-03-11 10:35:39', NULL),
(2, 'YESICA CHANGANA', '00000000', '', '', '', '2017-03-11 10:44:01', 3),
(4, 'NORMA RODRIGUEZ', '12345678', '', '', '', '2017-03-11 11:05:55', 3),
(5, 'MILAGROS CASTRO', '12345678', '', '', '', '2017-03-11 11:08:30', 3),
(13, 'GISELLA ORTIZ', '07920089', '', 'FLORA TRISTAN 486 DEP.  203 TORRE CENTRAL', '963995872', '2017-03-11 16:17:38', 4),
(8, 'FRANCISCO AVELLANEDA', '12345678', '', 'CLEMENTE X 329 DPTO 206 SAN ISIDRO', '', '2017-03-11 12:38:07', 4),
(9, 'SIXTO GIORFFINO', '12345678', '', '', '', '2017-03-11 12:48:59', 4),
(10, 'KAREN MALDONADO', '12345678', '', '', '', '2017-03-11 12:57:03', 4),
(11, 'Lucia  Manrrique', '12345678', '', '', '993958161', '2017-03-11 15:58:32', NULL),
(12, 'TATIANA ALEGRE', '12345678', '', '', '', '2017-03-11 16:14:37', 4),
(14, 'CARLA VEGA', '12345678', '', '', '947207270', '2017-03-11 16:24:41', 4),
(15, 'JORGE MONTOYA', '12345678', '', '', '', '2017-03-11 16:32:07', 4),
(16, 'FERNANDO MANARELLI', '12345678', '', '', '', '2017-03-11 17:07:42', NULL),
(17, 'SAONA', '12345678', '', '', '', '2017-03-11 17:22:42', 4),
(18, 'LUCRECIA ALZAMORA', '12345678', '', '', '', '2017-03-11 17:28:39', 4),
(19, 'Felipe Huamani', '00000000', '', '', '', '2017-03-13 09:38:21', 3),
(20, 'Felipe Huamani', '01234567', '', '', '', '2017-03-13 10:20:18', 3),
(21, 'Monica Pena', '00000000', '', '', '', '2017-03-13 10:28:41', 3),
(22, 'Marucha Olmos', '01234567', '', 'Luis manarelli', '', '2017-03-13 10:44:49', 3),
(23, 'Ana Sotomayor', '23456789', '', '', '', '2017-03-13 10:53:06', 3),
(24, 'Aura Perez', '34567896', '', '', '', '2017-03-13 10:58:11', 3),
(25, 'claudia galo', '12345678', '', '', '', '2017-03-13 12:44:00', NULL),
(26, 'Adelina Lozano', '12345678', '', '', '', '2017-03-13 12:48:28', 3),
(27, 'Paola Moran', '42672678', '', '', '', '2017-03-13 13:07:14', 3),
(28, 'Cecilia Revollar', '12345678', '', '', '', '2017-03-13 15:18:09', 4),
(29, 'Gavel', '12345678', '', '', '', '2017-03-13 15:37:38', 4),
(32, 'Enrrique Iglesias', '12345678', '', '', '', '2017-03-13 16:03:51', 4),
(33, 'RICHARD MANRIQUE', '12345678', '', 'AV. JAVIER PRADO 2595  DEP. 1002', '997361670', '2017-03-13 17:47:35', 4),
(34, 'ESTHER MOSQUERA', '12345678', '', 'THOMAS RAMSEY  915  DEP. 103', '014616914', '2017-03-13 17:48:39', 4),
(35, 'MIGUEL MORACHINO', '12345678', '', 'ALBERTO DEL CAMPO 438  DEP. 302', '', '2017-03-13 17:49:40', NULL),
(36, 'MELISSA MEJIA', '12345678', '', 'ROCA VERGALLO 435  DEP. 505B', '987955331', '2017-03-13 17:51:18', NULL),
(37, 'MONICA MURGUIA', '12345678', '', 'FLORA TRISTAN 479', '014619589', '2017-03-13 17:52:20', NULL),
(38, 'MARISOL MUÑOZ', '12345678', '', 'ALBERTO DEL CAMPO 468 DEP. 405B', '012640054', '2017-03-13 17:53:14', NULL),
(39, 'CARMEN MEJIA DE ORTIZ', '12345678', '', 'JAVIER PRADO 955 DEP. 301', '012610711', '2017-03-13 17:54:02', NULL),
(40, 'GLORIA NORIEGA', '12345678', '', '', '984621036', '2017-03-13 17:55:09', NULL),
(41, 'MED SOLUTIONS SAC', '12345678', '', 'AV. FAUSTINO SANCHES CARRION 960 .MAGDALENA DEL MAR', '', '2017-03-13 17:57:01', NULL),
(167, 'Elizabeth', '12345678', '', '', '', '2017-03-16 17:06:31', 3),
(43, 'JULIO CESAR', '12345678', '', '', '', '2017-03-13 17:59:50', 4),
(44, 'JUAN MANUEL ROBLES', '12345678', '', '', '', '2017-03-13 18:01:09', 4),
(45, 'NORMA SARDY', '12345678', '', '', '', '2017-03-13 18:02:12', 4),
(46, 'HELEN PERALTA', '12345678', '', '', '', '2017-03-13 18:03:29', 4),
(47, 'T T  OFTALMOLOGO ASOCIADOS SAC', '12345678', '', '', '', '2017-03-13 18:05:22', NULL),
(48, 'Aura Perez', '01234567', '', '', '', '2017-03-13 18:09:11', NULL),
(49, 'Fernando Cruz', '12345678', '', '', '', '2017-03-13 18:10:46', 3),
(50, 'SOFIA', '12345678', '', '', '', '2017-03-13 18:14:01', 4),
(51, 'ALONSO', '12345678', '', '', '', '2017-03-13 18:18:43', 4),
(52, 'JOSE SOTOMAYOR', '12345678', '', '', '', '2017-03-13 18:23:22', NULL),
(53, 'DIEGO OBREGON', '12345678', '', '', '', '2017-03-13 18:25:00', 4),
(54, 'SERGIO RODRIGUEZ', '12345678', '', '', '4618171', '2017-03-13 18:29:08', 4),
(55, 'MAYRA  LUNA', '12345678', '', '', '963870536', '2017-03-13 18:35:33', 4),
(56, 'Ronald Garces', '00000000', '', 'Av Ugarte y moscoso 938 Magdalena', '998180124', '2017-03-14 11:31:56', NULL),
(57, 'Tania Sanchez', '00000000', '', 'Mlcon Bernales 199 San Isidro', '998971406', '2017-03-14 11:44:47', 3),
(58, 'Maria Luque', '01234567', '', '', '', '2017-03-14 12:08:00', 3),
(59, 'Fernando Merino', '00000000', '', '', '', '2017-03-14 12:18:07', 3),
(60, 'Giuliana Groppo', '00000000', '', 'Baltazar la torre 1150 San Isidro', '', '2017-03-14 12:28:02', 3),
(61, 'Fernando Ramos', '00000000', '', '', '', '2017-03-14 12:50:19', 3),
(62, 'Jose Silva', '00000000', '', '', '946363258', '2017-03-14 12:57:30', 3),
(63, 'Mauricio', '00000000', '', '', '', '2017-03-14 13:03:30', 3),
(64, 'Mary Jara', '00000000', '', '', '', '2017-03-14 13:15:31', 3),
(65, 'Mercedes Pastor', '00000000', '', '', '', '2017-03-14 13:17:30', 3),
(66, 'Nelly De Vargas', '00000000', '', '', '', '2017-03-14 13:19:47', 3),
(67, 'Alfredo Llontop', '00000000', '', '', '', '2017-03-14 13:21:25', 3),
(68, 'Abraham', '00000000', '', 'Jr España 475 Dpto 101 Magdalena', '7349513', '2017-03-14 14:42:31', NULL),
(69, 'Daniel Yataco', '06740943', '', 'Av Del Ejercito 2154 Dpto 104 Magdalena', '980591576', '2017-03-14 14:44:28', 3),
(70, 'Claudia Sanchez', '00000000', '', '', '', '2017-03-14 14:55:49', 3),
(71, 'Lita Pastor', '00000000', '', '', '', '2017-03-14 14:57:54', 3),
(72, 'Marissa Cambiazo', '00000000', '', '', '2641005', '2017-03-14 15:00:55', 3),
(73, 'Fanny Grandes', '00000000', '', '', '', '2017-03-14 15:03:02', 3),
(74, 'Carlos Ortiz', '00000000', '', '', '985985175', '2017-03-14 15:11:42', 3),
(75, 'Edgard Bassilio', '00000000', '', '', '', '2017-03-14 15:14:51', 3),
(76, 'Luis Leon', '00000000', '', '', '', '2017-03-14 15:17:21', 3),
(77, 'Maria Paula Polanco', '00000000', '', '', '', '2017-03-14 15:19:49', 3),
(78, 'Sara Patiño', '00000000', '', '', '', '2017-03-14 15:27:54', 3),
(79, 'Bertha Carbajal', '00000000', '', 'Gral la Fuente 391 Magdalena', '', '2017-03-14 15:35:11', 3),
(81, 'JORGE MONTOYA', '12345678', '', '', '', '2017-03-14 16:28:03', NULL),
(82, 'Martha Rivasplata', '00000000', '', '', '', '2017-03-14 16:43:59', 3),
(83, 'NORMA SARDY', '12345678', '', '', '', '2017-03-14 16:45:24', NULL),
(84, 'JOSE MARCHAND', '12345678', '', '', '', '2017-03-14 16:48:24', 4),
(85, 'Jorge Cossio', '07883259', '', 'av.Ejercito 2030 dpto208 san isidro', '962897384', '2017-03-14 16:49:47', 3),
(86, 'ADRIANA TENORIO', '12345678', '', '', '', '2017-03-14 16:51:25', 4),
(87, 'Jose Aladzeme', '00000000', '', '', '', '2017-03-14 16:53:42', 3),
(88, 'DORIS TARAMONA', '12345678', '', '', '', '2017-03-14 16:53:42', 4),
(89, 'Jorge Aladzeme', '00000000', '', '', '', '2017-03-14 16:55:01', 3),
(90, 'GEANCARLOS', '12345678', '', '', '', '2017-03-14 16:57:41', 4),
(91, 'Marisol Olite', '00000000', '', '', '999707660', '2017-03-14 17:03:16', 3),
(92, 'LUIS DELGADO', '12345678', '', '', '', '2017-03-14 17:05:25', 4),
(93, 'BENITO ROSAS', '12345678', '', '', '', '2017-03-14 17:13:19', 4),
(94, 'Enrique Gonzales', '00000000', '', '', '', '2017-03-14 17:14:27', 3),
(95, 'Fiorella Castellanos', '00000000', '', '', '', '2017-03-14 17:16:41', 3),
(97, 'Giovanni Derteano', '00000000', '', 'Gral la fuente 281 Magdalena', '922206086', '2017-03-14 17:22:19', 3),
(98, 'PILARM PORRES', '12345678', '', '', '', '2017-03-14 17:23:37', NULL),
(99, 'PILAR PORRES', '12345678', '', '', '', '2017-03-14 17:24:59', NULL),
(100, 'Lucy Baylon', '00000000', '', 'Calle 2   1133 San Isidro', '953623721', '2017-03-14 17:29:12', 3),
(101, 'MARIA RIVAS', '12345678', '', '', '', '2017-03-14 17:29:22', NULL),
(102, 'VICTORIA DORLEMONT', '12345678', '', '', '', '2017-03-14 17:31:11', 4),
(103, 'Iris De Alza', '00000000', '', 'Av Salaverry 3335 Dpto 802 San Isidro', '', '2017-03-14 17:33:30', 3),
(104, 'LEOPOLDO VALLENILLA', '12345678', '', '', '', '2017-03-14 17:34:01', 4),
(105, 'Marilu', '00000000', '', '', '', '2017-03-14 17:39:35', 3),
(107, 'Juan Pablo Taboada', '00000000', '', '', '', '2017-03-14 17:50:00', 3),
(108, 'ERICK CILLONIZ', '12345678', '', '', '', '2017-03-14 17:50:35', 4),
(109, 'Olortegui', '00000000', '', '', '', '2017-03-14 17:54:06', 3),
(110, 'EGLA BOGGIO', '12345678', '', '', '', '2017-03-14 17:56:25', NULL),
(111, 'ADRIANA TENORIO', '12345678', '', '', '', '2017-03-14 17:59:16', NULL),
(112, 'MONICA LA ROSA', '12345678', '', '', '', '2017-03-14 18:02:57', 4),
(113, 'Gladys Moran', '00000000', '', '', '', '2017-03-14 18:04:29', 3),
(114, 'GEANCARLOS', '12345678', '', '', '', '2017-03-14 18:07:06', NULL),
(115, 'Pamela Ramirez', '00000000', '', '', '9669714666', '2017-03-14 18:07:27', 3),
(116, 'PEDRO SCHNEIDER  R', '12345678', '', '', '', '2017-03-14 18:10:34', 4),
(117, 'MERCEDES LEON', '12345678', '', '', '', '2017-03-14 18:12:55', 4),
(118, 'Norma Gandolfo', '00000000', '', 'Godofredo Garcia 181 San Isidro', '2641384', '2017-03-14 18:16:19', 3),
(119, 'ADRIANA TENORIO', '12345678', '', '', '', '2017-03-14 18:29:37', NULL),
(120, 'Josefina', '00000000', '', '', '', '2017-03-14 19:00:38', 3),
(122, 'ROXANA CABADA', '12345667', '', '', '2640824', '2017-03-15 16:38:57', 3),
(123, 'MATIAS', '12345678', '', '', '', '2017-03-15 16:40:41', NULL),
(124, 'TAIKEN SURU KAISHA DEL PERU SAC', '12345678', '', '', '', '2017-03-15 16:46:47', 4),
(125, 'NORA ZUNIGA', '12345678', '', '', '', '2017-03-15 16:52:03', 4),
(126, 'JUAN BAZAN', '00000000', '', '', '', '2017-03-15 16:56:32', 3),
(127, 'NELY RENGIFO', '12345678', '', '', '', '2017-03-15 17:08:11', 4),
(128, 'GERSON', '12345678', '', '', '', '2017-03-15 17:12:06', 4),
(129, 'ALEXANDRA', '12345678', '', '', '', '2017-03-15 17:15:10', NULL),
(130, 'SEA MARKETING DEL PERU  SAC', '12345678', '', '', '', '2017-03-15 17:48:11', NULL),
(131, 'DIEGO CUBA', '12345798', '', '', '2625167', '2017-03-15 18:21:25', 3),
(132, 'MARCELA VIDAL', '59842315', '', '', '988017960', '2017-03-15 18:41:01', NULL),
(133, 'Alvaro Escalante', '00000000', '', '', '', '2017-03-16 14:29:26', 3),
(134, 'Revilla', '00000000', '', '', '', '2017-03-16 14:32:11', 3),
(135, 'Flor Villaseca', '00000000', '', '', '', '2017-03-16 14:37:48', 3),
(136, 'Carlos Garcia', '00000000', '', '', '', '2017-03-16 14:41:11', 3),
(137, 'Gilda Lecca', '00000000', '', '', '', '2017-03-16 14:43:01', 3),
(138, 'Silvia Maria Romero', '00000000', '', '', '', '2017-03-16 14:44:15', 3),
(139, 'Lita Luque', '00000000', '', '', '', '2017-03-16 14:45:58', 3),
(140, 'Jose Salcedo', '00000000', '', '', '', '2017-03-16 14:47:18', 3),
(141, 'Rosa Lozada', '00000000', '', '', '', '2017-03-16 14:48:52', 3),
(142, 'Carlos Felice', '00000000', '', '', '', '2017-03-16 14:57:31', 3),
(143, 'Gonzalez Rivera', '00000000', '', '', '', '2017-03-16 14:59:17', 3),
(144, 'L C K', '00000000', '', '', '', '2017-03-16 15:00:59', 3),
(145, 'Julio Marcione', '12345678', '', '', '2645805', '2017-03-16 15:04:30', 3),
(146, 'Ursula Palomino', '12345678', '', '', '', '2017-03-16 15:06:33', 3),
(147, 'Marcelina', '12345678', '', '', '', '2017-03-16 15:08:22', 3),
(148, 'Rodriguez', '12345678', '', '', '', '2017-03-16 15:10:23', 3),
(149, 'Ana Teresa', '12345678', '', '', '', '2017-03-16 15:14:53', 3),
(150, 'Maria Teresa', '12345678', '', '', '', '2017-03-16 15:16:15', 3),
(151, 'Yolanda', '12345678', '', '', '', '2017-03-16 15:18:00', 3),
(152, 'Pere', '12345678', '', '', '', '2017-03-16 15:38:32', 3),
(153, 'Maricielo Escudero', '12345678', '', '', '2640441', '2017-03-16 15:47:48', 3),
(154, 'Rosa Ugolini', '12345678', '', '', '', '2017-03-16 16:00:32', 3),
(155, 'Roxana Stoll', '12345678', '', '', '', '2017-03-16 16:03:28', 3),
(156, 'Jean Pierre', '12345678', '', '', '', '2017-03-16 16:05:22', 3),
(157, 'Franky', '12345678', '', '', '', '2017-03-16 16:09:30', 3),
(158, 'Hector Clavijo', '12345678', '', '', '2643216', '2017-03-16 16:16:26', 3),
(159, 'Johana', '12345678', '', '', '', '2017-03-16 16:18:02', 3),
(160, 'Esperanza Vallejo', '12345678', '', '', '', '2017-03-16 16:21:07', 3),
(161, 'Ana', '12345678', '', '', '', '2017-03-16 16:24:22', 3),
(162, 'Lily Gross', '12345678', '', '', '', '2017-03-16 16:26:29', 3),
(163, 'Francesco', '12345678', '', '', '', '2017-03-16 16:29:11', 3),
(164, 'Pedro Patron', '12345678', '', '', '', '2017-03-16 16:31:04', 3),
(165, 'Raquel De Paredes', '12345678', '', '', '', '2017-03-16 16:33:08', 3),
(166, 'Rosa Giusti', '12345678', '', '', '', '2017-03-16 16:54:03', 3),
(168, 'Maximo Garcia', '12345678', '', '', '', '2017-03-16 17:08:27', 3),
(169, 'Preludio', '12345678', '', '', '', '2017-03-16 17:10:15', 3),
(170, 'Katherine', '12345678', '', '', '', '2017-03-16 17:15:55', 3),
(171, 'Carlos Medina', '12345678', '', '', '', '2017-03-16 17:23:09', 3),
(172, 'Ivan Marquez', '00000000', '', 'Av Del Ejercito 1066 Magdalena', '987539352', '2017-03-16 17:30:12', 3),
(173, 'Felix Castro', '12345678', '', '', '', '2017-03-16 17:38:54', 3),
(174, 'Sixto Lo Say Yick', '12345678', '', 'Luis Manarelli 211 Dpto 401 Magdalena', '956725051', '2017-03-16 17:45:34', 3),
(175, 'Jorge Garcia', '12345678', '', '', '', '2017-03-16 18:13:11', 3),
(176, 'Rafael Oyarce', '12345678', '', '', '', '2017-03-16 18:24:42', 3),
(177, 'Emilio Gallardo', '12345678', '', '', '', '2017-03-16 18:26:11', 3),
(178, 'Socorro Pardo', '12345678', '', '', '', '2017-03-16 18:28:17', 3),
(179, 'Miluska Flores', '12345678', '', '', '', '2017-03-16 18:31:26', 3),
(180, 'Alberto Peza', '12345678', '', '', '', '2017-03-16 18:36:38', 3),
(181, 'Paulo Stoll', '12345678', '', '', '', '2017-03-16 18:39:13', 3),
(182, 'Maritza Alfaro', '12345678', '', '', '', '2017-03-16 18:40:29', 3),
(183, 'Ames', '12345678', '', '', '', '2017-03-16 18:41:27', 3),
(184, 'Raul Hidalgo', '12345678', '', '', '', '2017-03-16 18:45:05', 3),
(185, 'Estrella Ruiz', '12345678', '', 'Mzna F Lote 7 Medalla Milagrosa Magdalena', '982503385', '2017-03-16 19:04:07', NULL),
(186, 'Stephanie  Wakeham', '12345678', '', 'Baltazar La Torre 1045 San Isidro', '987565284', '2017-03-16 19:16:52', NULL),
(187, 'Olenka Frias', '12345678', '', '', '943904867', '2017-03-17 09:16:05', NULL),
(188, 'Isaac Herrera', '12345678', '', 'Octavio Espinoza 237 San Isidro', '950590127', '2017-03-17 09:17:34', NULL),
(189, 'Ericka Vallerriestra', '12345678', '', 'Clle Punta Negra 161 San Isidro', '991297655', '2017-03-17 09:18:55', NULL),
(190, 'Rosario Valdivia', '00000000', '', '', '919515543', '2017-03-17 09:20:00', NULL),
(191, 'Fiorella Bravo', '12345678', '', 'Mlcon Bernales 221', '2643807', '2017-03-17 09:21:05', NULL),
(192, 'Cecilia Pasquel', '12345678', '', 'Gral La Fuente 281 San Isidro', '977662927', '2017-03-17 09:24:03', 3),
(193, 'Javier Lazo', '12345678', '', '', '', '2017-03-17 09:27:01', NULL),
(194, 'Hugo Guzman Flores', '12345678', '', '', '', '2017-03-17 09:27:51', 3),
(195, 'Sarita Gomez', '12345678', '', '', '', '2017-03-17 09:28:35', 3),
(196, 'Cafe A Bistro', '12345678', '', 'Av Del Ejercito 2193 San Isidro', '2645856', '2017-03-17 09:33:51', NULL),
(197, 'JESUS MARTINEZ', '12345678', '', '', '', '2017-03-17 14:47:06', 4),
(198, 'JESUS MARTINEZ', '12345678', '', '', '', '2017-03-17 14:47:34', NULL),
(199, 'SAONA', '12345678', '', '', '', '2017-03-17 14:54:29', NULL),
(200, 'SAONA', '12345678', '', '', '', '2017-03-17 15:08:56', NULL),
(201, 'EDDY', '12345678', '', '', '', '2017-03-17 15:58:00', NULL),
(202, 'EDDY', '12345678', '', '', '', '2017-03-17 15:58:20', NULL),
(203, 'SOFIA', '12345678', '', '', '', '2017-03-17 16:15:21', NULL),
(204, 'Maricarmen Dominguez', '12345678', '', '', '', '2017-03-17 17:23:30', 3),
(205, 'Jessica Azaldegui', '12345678', '', '', '', '2017-03-17 17:27:36', 3),
(206, 'Juan Carlos Mosqueira', '12345678', '', 'Av Del Ejercito 825 Dpto 701 Magdalena', '991127306', '2017-03-17 17:33:43', 3),
(207, 'Ximena Rodriguez', '12345678', '', '', '', '2017-03-17 17:38:27', 3),
(208, 'Garcia Cuadros', '00000000', '', '', '', '2017-03-17 17:43:25', 3),
(209, 'Carlos Doi', '12345678', '', '', '', '2017-03-17 17:46:28', 3),
(210, 'Mariel', '12345678', '', '', '', '2017-03-17 17:48:58', 3),
(211, 'Martin Spalarrosa', '12345678', '', '', '', '2017-03-17 17:52:24', 3),
(212, 'LUIS DELGADO', '12345678', '', '', '', '2017-03-18 08:47:51', NULL),
(213, 'LOLA URDAY', '12345678', '', '', '', '2017-03-18 09:41:55', 4),
(214, 'Mariano Guevara Valdez', '12345678', '', 'Pezet 1976 San Isidro', '', '2017-03-18 09:57:00', 3),
(215, 'Elsa Marroqui', '07719403', '', 'Mlcon bernales 175 Dpto 101 Magdalena', '996511371', '2017-03-18 10:03:05', 3),
(216, 'Raul aAlvarado', '12345678', '', '', '995316544', '2017-03-18 10:04:53', NULL),
(217, 'Raul Alvarado', '12345678', '', '', '995316544', '2017-03-18 10:07:14', 3),
(218, 'Paolo Rosas', '12345678', '', '', '994990651', '2017-03-18 10:21:24', 3),
(219, 'Miguel Cabrera', '12345678', '', '', '2642436', '2017-03-18 10:23:06', NULL),
(220, 'Pilar Hidalgo', '09076807', '', 'Clle Luis Manarelli 140', '991032903', '2017-03-18 10:27:58', 3),
(221, 'Ilia Carpov', '12345678', '', '', '', '2017-03-18 10:31:12', 3),
(222, 'Veronica Guevara', '12345678', '', 'Mlcon Bernales Cdra 2', '993342230', '2017-03-18 10:44:24', 3),
(223, 'Martin Paredes', '07727360', '', 'Av Javier Prado Oeste 1760 Magalena', '999064601', '2017-03-18 10:46:40', 3),
(224, 'Willy Sanchez', '12345678', '', '', '', '2017-03-18 10:50:34', 3),
(225, 'Maria Aranibar', '12345678', '', '', '', '2017-03-18 10:52:34', 3),
(226, 'Yolanda Urday', '12345678', '', 'Clle Luis Manarelli 119 Magdalena', '2641439', '2017-03-18 10:55:05', 3),
(227, 'Raquel Dallorso', '12345678', '', '', '989615241', '2017-03-18 11:01:24', 3),
(228, 'Carla Sifuentes', '12345678', '', 'Clle Punta Negra 681', '2646832', '2017-03-18 11:28:49', NULL),
(229, 'Tania Burstein', '12345678', '', 'Clle Cabo Blanco 160', '992348267', '2017-03-18 11:32:12', 3),
(230, 'Mario Vasquez', '12345678', '', '', '979740617', '2017-03-18 11:37:08', 3),
(231, 'Gustavo Pedreros', '12345678', '', 'Clle Luis Manarelli 140', '983467363', '2017-03-18 11:40:15', 3),
(232, 'Milca Oliden', '12345678', '', '', '3208860', '2017-03-18 11:42:48', 3),
(233, 'Maria Campos', '0000000', '', '', '', '2017-03-18 11:44:06', 3),
(234, 'Juan Jose Ruda', '12345678', '', 'Clle Punta Negra 710 Orrantia', '2643695', '2017-03-18 11:50:55', 3),
(235, 'Rodrigo Fernandez', '12345678', '', '', '2643162', '2017-03-18 11:52:41', 3),
(236, 'Segundo Perez', '12345678', '', '', '961732498', '2017-03-18 11:55:10', 3),
(237, 'Alfredo Garcia', '12345678', '', 'Clle Luis Manarelli 140 Dpto 202 Magdalena', '996346620', '2017-03-18 12:07:45', 3),
(238, 'Mauricio Ransa', '12345678', '', '', '945852348', '2017-03-18 12:16:18', 3),
(239, 'Silvia Rojas', '07225527', '', 'Av Jorge Vanderghen 239 Dpto 202 Miraflores', '997537983', '2017-03-18 12:26:59', NULL),
(240, 'Nataly Corpancho', '12345678', '', '', '963765155', '2017-03-18 12:30:06', NULL),
(241, 'Sisol', '12345678', '', '', '2645388', '2017-03-18 12:31:04', NULL),
(242, 'Jaime Nakamora', '12345678', '', '', '999983794', '2017-03-18 12:32:14', NULL),
(243, 'Malena Patriau', '12345678', '', '', '946005520', '2017-03-18 12:33:00', NULL),
(244, 'Mina Gori', '12345678', '', '', '964385810', '2017-03-18 12:33:35', NULL),
(245, 'Carlos Orezoli', '12345678', '', '', '965795626', '2017-03-18 12:43:15', NULL),
(246, 'Lourdes Fuentes', '12345678', '', '', '975399939', '2017-03-18 12:44:03', NULL),
(247, 'Jorge Laguna', '12345678', '', '', '', '2017-03-18 12:45:31', NULL),
(248, 'Estefany Marquina', '12345678', '', '', '987217440', '2017-03-18 16:17:18', NULL),
(249, 'VICTOR JIMENEZ', '', '', '', '', '2017-03-18 17:02:05', 3);

-- --------------------------------------------------------

--
-- Estructura de tabla para la tabla `Color`
--

CREATE TABLE IF NOT EXISTS `Color` (
  `idColor` int(11) NOT NULL AUTO_INCREMENT,
  `nombreColor` varchar(20) NOT NULL,
  `valorColor` varchar(30) NOT NULL,
  `fecha_registro` datetime NOT NULL DEFAULT CURRENT_TIMESTAMP,
  PRIMARY KEY (`idColor`)
) ENGINE=MyISAM  DEFAULT CHARSET=latin1 AUTO_INCREMENT=28 ;

--
-- Volcado de datos para la tabla `Color`
--

INSERT INTO `Color` (`idColor`, `nombreColor`, `valorColor`, `fecha_registro`) VALUES
(1, 'Negro', '#000000', '2017-02-06 11:09:58'),
(2, 'Rojo', 'Red', '2017-02-06 11:48:16'),
(21, 'BEIGE', '#ffe1bd8c', '2017-03-11 16:12:05'),
(5, 'Azul', 'Blue', '2017-02-09 08:37:22'),
(6, 'Amarillo', 'Yellow', '2017-02-12 23:12:48'),
(7, 'Verde Limon', 'Lime', '2017-02-18 18:55:52'),
(22, 'CREMA', '#ffffffbb', '2017-03-11 16:13:00'),
(10, 'verde', '#ffff8040', '2017-02-18 19:34:53'),
(17, 'NEGRO', 'Black', '2017-03-11 16:05:29'),
(15, 'GRIS', 'Silver', '2017-03-11 11:37:00'),
(16, 'PLOMO', 'Gray', '2017-03-11 16:05:11'),
(23, 'MARRON', '#ff542929', '2017-03-11 16:19:18'),
(19, 'VERDE ARENA', 'Olive', '2017-03-11 16:09:34'),
(20, 'AZULINO', 'Blue', '2017-03-11 16:10:14'),
(24, 'CAMELLO', '#ffc13f00', '2017-03-11 16:20:02'),
(25, 'palo rosa', '#ffffbbdd', '2017-03-13 12:42:35'),
(26, 'naranja', '#ffff8c1a', '2017-03-13 13:00:53'),
(27, 'BLANCO', 'White', '2017-03-14 18:15:50');

-- --------------------------------------------------------

--
-- Estructura de tabla para la tabla `Marca`
--

CREATE TABLE IF NOT EXISTS `Marca` (
  `idMarca` int(11) NOT NULL AUTO_INCREMENT,
  `nombreMarca` varchar(100) DEFAULT NULL,
  PRIMARY KEY (`idMarca`)
) ENGINE=MyISAM  DEFAULT CHARSET=latin1 AUTO_INCREMENT=4 ;

--
-- Volcado de datos para la tabla `Marca`
--

INSERT INTO `Marca` (`idMarca`, `nombreMarca`) VALUES
(1, 'ADIDAS'),
(2, ''),
(3, 'BOSS');

-- --------------------------------------------------------

--
-- Estructura de tabla para la tabla `Orden`
--

CREATE TABLE IF NOT EXISTS `Orden` (
  `idOrden` int(11) NOT NULL AUTO_INCREMENT,
  `idCliente` int(11) NOT NULL,
  `fechaEntrega` datetime NOT NULL,
  `totalOrden` decimal(10,2) NOT NULL,
  `fechaCreado` datetime NOT NULL DEFAULT CURRENT_TIMESTAMP,
  `idUsuario` int(11) NOT NULL,
  `Observacion` text,
  `estado` int(11) NOT NULL,
  `tipoPago` int(11) NOT NULL,
  `aplicaDscto` int(11) DEFAULT NULL COMMENT '0=NO APLICA 1=SI APLICA',
  PRIMARY KEY (`idOrden`),
  UNIQUE KEY `idOrden` (`idOrden`)
) ENGINE=MyISAM  DEFAULT CHARSET=latin1 AUTO_INCREMENT=255 ;

--
-- Volcado de datos para la tabla `Orden`
--

INSERT INTO `Orden` (`idOrden`, `idCliente`, `fechaEntrega`, `totalOrden`, `fechaCreado`, `idUsuario`, `Observacion`, `estado`, `tipoPago`, `aplicaDscto`) VALUES
(1, 2, '2017-03-11 10:44:14', '30.00', '2017-03-11 10:45:36', 3, '', 0, 1, NULL),
(2, 3, '2017-03-11 10:53:55', '28.00', '2017-03-11 10:54:41', 3, '', 0, 2, NULL),
(3, 2, '2017-03-11 10:58:10', '40.50', '2017-03-11 10:58:50', 3, '', 2, 2, NULL),
(4, 5, '2017-03-15 11:08:41', '51.00', '2017-03-11 11:12:32', 3, '', 0, 2, NULL),
(5, 6, '2017-03-14 06:00:00', '65.90', '2017-03-11 11:27:52', 3, 'ROTO Y  MANCHAS A TRATAR', 2, 2, NULL),
(6, 7, '2017-03-15 04:01:36', '22.00', '2017-03-11 12:05:10', 3, '', 0, 2, NULL),
(7, 8, '2017-03-15 06:00:00', '66.00', '2017-03-11 12:41:36', 4, '3 PANTALONES SURCIDOS', 2, 1, NULL),
(8, 9, '2017-03-15 12:49:17', '48.00', '2017-03-11 12:53:24', 4, '', 0, 1, NULL),
(9, 9, '2017-03-15 12:54:03', '32.00', '2017-03-11 12:55:59', 4, '', 0, 2, NULL),
(10, 10, '2017-03-12 12:57:15', '15.30', '2017-03-11 13:02:39', 4, '', 2, 1, NULL),
(11, 13, '2017-03-15 06:00:00', '30.00', '2017-03-11 16:21:56', 4, '', 0, 1, NULL),
(12, 14, '2017-03-16 06:00:00', '30.00', '2017-03-11 16:28:39', 4, 'DIBUJO CARRO', 0, 1, NULL),
(13, 15, '2017-03-13 06:00:00', '14.40', '2017-03-11 16:37:12', 4, '', 0, 1, NULL),
(14, 18, '2017-03-14 06:30:08', '10.00', '2017-03-11 17:33:15', 4, '', 0, 1, NULL),
(15, 19, '2017-03-04 09:38:47', '8.00', '2017-03-13 09:43:19', 3, '', 2, 1, NULL),
(16, 20, '2017-03-13 10:21:42', '22.50', '2017-03-13 10:26:28', 3, '', 0, 1, NULL),
(17, 21, '2017-03-13 10:29:07', '32.00', '2017-03-13 10:40:58', 3, '', 0, 1, NULL),
(18, 22, '2017-03-13 10:45:32', '9.00', '2017-03-13 10:46:53', 3, '', 0, 1, NULL),
(19, 23, '2017-03-13 10:53:54', '17.55', '2017-03-13 10:55:46', 3, '', 0, 2, NULL),
(20, 24, '2017-03-13 11:00:25', '0.00', '2017-03-13 11:03:52', 3, '', 0, 2, NULL),
(21, 26, '2017-03-08 06:00:00', '60.00', '2017-03-13 13:03:04', 3, 'naranja a rayas y azul  sin marca ', 0, 2, NULL),
(22, 27, '2017-03-08 04:08:34', '20.00', '2017-03-13 13:11:24', 3, '', 0, 2, NULL),
(23, 29, '2017-03-15 06:00:00', '22.00', '2017-03-13 15:57:53', 4, 'PENDIENTE', 0, 2, NULL),
(24, 32, '2017-03-16 06:00:00', '10.00', '2017-03-13 16:10:25', 4, 'Pendiente', 0, 2, NULL),
(25, 28, '2017-03-17 06:00:00', '41.90', '2017-03-13 16:32:17', 4, '4 pantalones +1 camisa+1 blusa', 0, 1, NULL),
(26, 28, '2017-03-14 06:00:00', '16.20', '2017-03-13 17:58:39', 4, '', 0, 1, NULL),
(27, 17, '2017-03-14 06:00:00', '15.30', '2017-03-13 17:59:25', 4, '', 0, 1, NULL),
(28, 43, '2017-03-14 06:00:00', '9.00', '2017-03-13 18:00:41', 4, 'PENDIENTE', 0, 2, NULL),
(29, 44, '2017-03-14 06:00:00', '9.00', '2017-03-13 18:01:56', 4, 'PAGO CON VISA', 0, 1, NULL),
(30, 46, '2017-03-14 06:00:00', '18.00', '2017-03-13 18:04:14', 4, '', 0, 1, NULL),
(31, 42, '2017-03-07 06:00:10', '40.00', '2017-03-13 18:07:47', 3, 'camisas a rayas jhon.h,dockers,pierre cardin,pierre cardin y givenchy', 0, 1, NULL),
(32, 50, '2017-03-14 06:00:00', '18.90', '2017-03-13 18:17:47', 4, 'PENDIENTE', 0, 2, NULL),
(33, 51, '2017-03-14 06:00:00', '27.00', '2017-03-13 18:20:19', 4, 'CANCELO CON VISA.', 0, 1, NULL),
(34, 19, '2017-03-13 06:12:20', '18.90', '2017-03-13 18:26:57', 3, '', 0, 1, NULL),
(35, 53, '2017-03-17 06:00:00', '10.00', '2017-03-13 18:27:55', 4, 'PENDIENTE', 0, 2, NULL),
(36, 54, '2017-03-17 06:00:00', '10.00', '2017-03-13 18:34:27', 4, 'PENDIENTE', 0, 2, NULL),
(37, 55, '2017-03-20 11:00:00', '60.00', '2017-03-13 18:39:22', 4, '', 0, 1, NULL),
(38, 58, '2017-03-08 06:09:23', '30.00', '2017-03-14 12:11:52', 3, 'el edredon esta con manchas de grasa', 0, 2, NULL),
(39, 59, '2017-03-14 06:00:00', '10.00', '2017-03-14 12:22:34', 3, 'marca baronet', 0, 1, NULL),
(40, 60, '2017-03-14 06:00:00', '152.00', '2017-03-14 12:32:39', 3, '', 0, 1, NULL),
(41, 60, '2017-03-14 06:00:00', '120.00', '2017-03-14 12:49:10', 3, '', 0, 1, NULL),
(42, 61, '2017-03-14 06:00:00', '8.00', '2017-03-14 12:52:29', 3, '', 0, 1, NULL),
(43, 61, '2017-03-14 06:00:00', '30.00', '2017-03-14 12:53:54', 3, '', 0, 1, NULL),
(44, 62, '2017-03-14 06:00:00', '8.00', '2017-03-14 13:00:00', 3, '', 0, 1, NULL),
(45, 57, '2017-03-14 06:00:12', '44.00', '2017-03-14 13:02:39', 3, '', 0, 1, NULL),
(46, 63, '2017-03-14 06:00:00', '50.00', '2017-03-14 13:14:23', 3, 'promocion 6 x 41.90\r\npromocion 6 x 41.90', 0, 1, NULL),
(47, 64, '2017-03-14 06:00:00', '8.00', '2017-03-14 13:16:54', 3, '', 0, 2, NULL),
(48, 65, '2017-03-14 06:00:00', '12.00', '2017-03-14 13:18:51', 3, '', 0, 1, NULL),
(49, 66, '2017-03-14 06:00:00', '24.00', '2017-03-14 13:20:54', 3, '', 0, 1, NULL),
(50, 67, '2017-03-14 06:00:00', '10.00', '2017-03-14 13:22:40', 3, '', 0, 2, NULL),
(51, 70, '2017-03-14 06:00:00', '30.00', '2017-03-14 14:57:13', 3, '', 0, 1, NULL),
(52, 71, '2017-03-02 06:00:00', '35.00', '2017-03-14 15:00:03', 3, '', 0, 1, NULL),
(53, 72, '2017-03-02 06:01:03', '10.00', '2017-03-14 15:02:23', 3, '', 0, 2, NULL),
(54, 73, '2017-03-02 06:03:14', '105.00', '2017-03-14 15:11:05', 3, '', 0, 1, NULL),
(55, 74, '2017-03-02 06:11:50', '64.00', '2017-03-14 15:13:29', 3, '', 0, 2, NULL),
(56, 75, '2017-03-02 06:00:00', '10.00', '2017-03-14 15:15:56', 3, '', 0, 1, NULL),
(57, 76, '2017-03-02 06:00:00', '10.00', '2017-03-14 15:18:30', 3, '', 0, 1, NULL),
(58, 77, '2017-03-02 06:20:02', '18.00', '2017-03-14 15:21:50', 3, '', 0, 2, NULL),
(59, 78, '2017-03-02 06:28:12', '22.00', '2017-03-14 15:32:46', 3, '', 0, 1, NULL),
(60, 79, '2017-03-02 06:35:19', '26.00', '2017-03-14 15:41:37', 3, '', 0, 1, NULL),
(61, 79, '2017-03-14 04:03:32', '26.00', '2017-03-14 16:04:54', 3, '', 0, 1, NULL),
(62, 15, '2017-03-15 06:00:00', '10.80', '2017-03-14 16:36:33', 4, 'CANCELADO', 0, 1, NULL),
(63, 82, '2017-03-14 04:44:56', '12.00', '2017-03-14 16:47:15', 3, '', 0, 2, NULL),
(64, 45, '2017-03-15 06:00:00', '9.00', '2017-03-14 16:47:28', 4, 'CANCELADO', 0, 1, NULL),
(65, 84, '2017-03-15 06:00:00', '29.70', '2017-03-14 16:50:49', 4, 'PENDIENTE POR CANCELAR', 0, 2, NULL),
(66, 85, '2017-03-14 04:50:54', '8.00', '2017-03-14 16:51:55', 3, '', 0, 2, NULL),
(67, 88, '2017-03-15 06:00:00', '9.90', '2017-03-14 16:55:14', 4, 'CANCELADO', 0, 1, NULL),
(68, 89, '2017-03-14 04:55:20', '18.00', '2017-03-14 16:58:10', 3, '', 0, 1, NULL),
(69, 90, '2017-03-15 06:00:00', '9.00', '2017-03-14 16:59:23', 4, 'PENDIENTE  DE PAGO.', 0, 2, NULL),
(70, 94, '2017-03-14 05:14:47', '8.00', '2017-03-14 17:15:23', 3, '', 0, 1, NULL),
(71, 95, '2017-03-14 05:16:51', '30.00', '2017-03-14 17:17:36', 3, '', 0, 2, NULL),
(72, 93, '2017-03-17 06:00:00', '34.00', '2017-03-14 17:21:16', 4, 'CANCELADO', 0, 1, NULL),
(73, 97, '2017-03-02 06:24:36', '10.00', '2017-03-14 17:25:43', 3, '', 0, 1, NULL),
(74, 100, '2017-03-02 06:29:23', '40.00', '2017-03-14 17:32:05', 3, '', 0, 2, NULL),
(75, 102, '2017-03-20 12:00:00', '45.00', '2017-03-14 17:33:11', 4, 'CANCELADO', 0, 1, NULL),
(76, 104, '2017-03-20 06:00:00', '35.00', '2017-03-14 17:36:38', 4, 'PENDIENTE DE PAGO', 0, 2, NULL),
(77, 103, '2017-03-02 06:38:10', '22.00', '2017-03-14 17:39:07', 3, '', 0, 1, NULL),
(78, 105, '2017-03-02 06:39:44', '8.00', '2017-03-14 17:40:36', 3, '', 0, 1, NULL),
(79, 82, '2017-03-02 06:44:34', '45.00', '2017-03-14 17:45:29', 3, '', 0, 2, NULL),
(80, 91, '2017-03-02 06:46:50', '28.00', '2017-03-14 17:48:20', 3, '', 0, 2, NULL),
(81, 107, '2017-03-02 06:50:18', '12.00', '2017-03-14 17:51:26', 3, '', 0, 2, NULL),
(82, 108, '2017-03-20 06:00:00', '28.00', '2017-03-14 17:55:48', 4, 'PENDIENTE DE PAGO', 0, 2, NULL),
(83, 109, '2017-03-02 06:54:15', '32.00', '2017-03-14 17:57:06', 3, '', 0, 2, NULL),
(84, 86, '2017-03-18 06:00:00', '10.00', '2017-03-14 18:02:24', 4, 'CANCELADO', 0, 1, NULL),
(85, 113, '2017-03-02 06:04:40', '8.00', '2017-03-14 18:05:37', 3, '', 0, 1, NULL),
(86, 112, '2017-03-21 06:00:00', '65.00', '2017-03-14 18:06:24', 4, 'PENDIENTE DE PAGO', 0, 2, NULL),
(87, 115, '2017-03-02 06:07:37', '32.00', '2017-03-14 18:09:09', 3, '', 0, 1, NULL),
(88, 90, '2017-03-18 06:00:00', '40.00', '2017-03-14 18:09:45', 4, 'PENDIENTE DE PAGO', 0, 2, NULL),
(89, 116, '2017-03-17 06:00:00', '22.00', '2017-03-14 18:12:22', 4, 'PENDIENTE DE PAGO', 0, 2, NULL),
(90, 64, '2017-03-02 06:13:15', '8.00', '2017-03-14 18:13:58', 3, '', 0, 2, NULL),
(91, 117, '2017-03-20 06:00:00', '65.00', '2017-03-14 18:18:46', 4, 'PENDIENTE DE PAGO.\r\n', 0, 2, NULL),
(92, 118, '2017-03-02 06:16:29', '40.00', '2017-03-14 18:20:50', 3, '', 0, 1, NULL),
(93, 120, '2017-03-02 07:00:50', '42.00', '2017-03-14 19:06:45', 3, '', 0, 1, NULL),
(94, 120, '2017-03-02 08:00:50', '30.00', '2017-03-14 19:15:05', 3, '', 0, 1, NULL),
(95, 122, '2017-03-08 04:40:04', '12.00', '2017-03-15 16:49:39', 3, 'EL SACON ES DE COLOR CREMA MARCA C P', 0, 2, NULL),
(96, 124, '2017-03-20 06:00:00', '16.00', '2017-03-15 16:51:05', 4, 'CANCELADO', 0, 1, NULL),
(97, 125, '2017-03-20 12:00:00', '50.00', '2017-03-15 16:55:37', 4, 'CANCELADO ', 0, 1, NULL),
(98, 127, '2017-03-20 06:00:00', '30.00', '2017-03-15 17:11:32', 4, '', 0, 2, NULL),
(99, 128, '2017-03-16 06:00:00', '34.20', '2017-03-15 17:14:26', 4, 'CANCELO CON VISA', 0, 1, NULL),
(100, 126, '2017-03-15 05:10:58', '36.00', '2017-03-15 17:22:17', 3, '', 0, 2, NULL),
(101, 131, '2017-03-15 06:33:42', '48.00', '2017-03-15 18:39:05', 3, 'SON TRES POLERAS DOS BEIG Y UNA ENGRA', 0, 2, NULL),
(102, 133, '2017-03-04 06:29:43', '12.00', '2017-03-16 14:30:36', 3, '', 0, 1, NULL),
(103, 134, '2017-03-04 06:34:10', '79.90', '2017-03-16 14:35:58', 3, '', 0, 1, NULL),
(104, 134, '2017-03-04 06:34:10', '22.00', '2017-03-16 14:36:55', 3, '', 0, 2, NULL),
(105, 135, '2017-03-04 06:38:44', '56.00', '2017-03-16 14:40:40', 3, '', 0, 1, NULL),
(106, 136, '2017-03-04 06:41:19', '32.00', '2017-03-16 14:42:34', 3, '', 0, 1, NULL),
(107, 137, '2017-03-04 02:43:08', '10.00', '2017-03-16 14:43:44', 3, '', 0, 2, NULL),
(108, 138, '2017-03-04 06:44:24', '10.00', '2017-03-16 14:45:06', 3, '', 0, 1, NULL),
(109, 139, '2017-03-04 06:46:06', '22.00', '2017-03-16 14:46:42', 3, '', 0, 1, NULL),
(110, 140, '2017-03-04 05:47:27', '8.00', '2017-03-16 14:48:17', 3, '', 0, 1, NULL),
(111, 141, '2017-03-04 06:49:02', '20.00', '2017-03-16 14:50:29', 3, '', 0, 2, NULL),
(112, 5, '2017-03-04 06:49:02', '16.00', '2017-03-16 14:56:49', 3, '', 0, 1, NULL),
(113, 142, '2017-03-04 05:57:40', '40.00', '2017-03-16 14:58:40', 3, '', 0, 1, NULL),
(114, 143, '2017-03-04 06:59:28', '36.00', '2017-03-16 15:00:19', 3, '', 0, 1, NULL),
(115, 144, '2017-03-08 06:01:06', '8.00', '2017-03-16 15:03:04', 3, '', 0, 2, NULL),
(116, 145, '2017-03-10 06:04:40', '60.00', '2017-03-16 15:06:02', 3, '', 0, 1, NULL),
(117, 146, '2017-03-09 06:06:40', '20.00', '2017-03-16 15:07:48', 3, '', 0, 1, NULL),
(118, 147, '2017-03-09 06:08:30', '18.00', '2017-03-16 15:09:35', 3, '', 0, 2, NULL),
(119, 148, '2017-03-09 06:11:55', '10.00', '2017-03-16 15:12:44', 3, '', 0, 1, NULL),
(120, 76, '2017-03-09 06:11:55', '10.00', '2017-03-16 15:13:56', 3, '', 0, 1, NULL),
(121, 149, '2017-03-09 06:15:00', '8.00', '2017-03-16 15:15:45', 3, '', 0, 2, NULL),
(122, 150, '2017-03-09 06:16:24', '12.00', '2017-03-16 15:17:17', 3, '', 0, 2, NULL),
(123, 151, '2017-03-09 06:36:40', '10.00', '2017-03-16 15:38:00', 3, '', 0, 2, NULL),
(124, 24, '2017-03-09 06:38:39', '48.00', '2017-03-16 15:40:22', 3, '', 0, 1, NULL),
(125, 152, '2017-03-10 06:40:40', '36.00', '2017-03-16 15:46:57', 3, '', 0, 1, NULL),
(126, 153, '2017-03-10 06:47:57', '22.00', '2017-03-16 15:49:11', 3, '', 0, 2, NULL),
(127, 85, '2017-03-09 06:55:32', '8.00', '2017-03-16 15:59:58', 3, '', 0, 2, NULL),
(128, 154, '2017-03-11 06:00:40', '60.00', '2017-03-16 16:01:47', 3, '', 0, 2, NULL),
(129, 76, '2017-03-09 06:02:05', '10.00', '2017-03-16 16:02:50', 3, '', 0, 1, NULL),
(130, 155, '2017-03-10 06:03:37', '18.00', '2017-03-16 16:04:48', 3, '', 0, 2, NULL),
(131, 156, '2017-03-10 06:05:32', '8.00', '2017-03-16 16:06:17', 3, '', 0, 2, NULL),
(132, 62, '2017-03-10 06:08:11', '16.00', '2017-03-16 16:08:56', 3, '', 0, 2, NULL),
(133, 157, '2017-03-11 06:09:39', '30.00', '2017-03-16 16:12:06', 3, '', 0, 2, NULL),
(134, 134, '2017-03-09 06:12:20', '8.00', '2017-03-16 16:12:57', 3, '', 0, 2, NULL),
(135, 91, '2017-03-10 06:13:09', '41.90', '2017-03-16 16:13:59', 3, '', 0, 1, NULL),
(136, 91, '2017-03-10 06:13:09', '8.00', '2017-03-16 16:15:18', 3, '', 0, 2, NULL),
(137, 158, '2017-03-10 06:16:34', '22.00', '2017-03-16 16:17:26', 3, '', 0, 1, NULL),
(138, 159, '2017-03-10 06:18:13', '44.00', '2017-03-16 16:19:59', 3, '', 0, 1, NULL),
(139, 160, '2017-03-10 06:21:18', '16.00', '2017-03-16 16:22:37', 3, '', 0, 2, NULL),
(140, 61, '2017-03-10 06:21:18', '8.00', '2017-03-16 16:23:58', 3, '', 0, 1, NULL),
(141, 161, '2017-03-11 06:24:31', '10.00', '2017-03-16 16:25:33', 3, '', 0, 1, NULL),
(142, 162, '2017-03-14 06:26:37', '30.00', '2017-03-16 16:27:38', 3, '', 0, 2, NULL),
(143, 67, '2017-03-11 06:26:37', '10.00', '2017-03-16 16:28:43', 3, '', 0, 2, NULL),
(144, 163, '2017-03-10 06:29:20', '18.00', '2017-03-16 16:30:32', 3, '', 0, 1, NULL),
(145, 164, '2017-03-11 06:31:17', '0.00', '2017-03-16 16:32:04', 3, '', 0, 2, NULL),
(146, 165, '2017-03-14 06:51:14', '40.00', '2017-03-16 16:53:06', 3, '', 0, 2, NULL),
(147, 166, '2017-03-11 06:54:11', '52.00', '2017-03-16 16:55:56', 3, '', 0, 1, NULL),
(148, 69, '2017-03-11 06:58:07', '50.00', '2017-03-16 16:59:10', 3, '', 0, 1, NULL),
(149, 73, '2017-03-11 06:58:07', '22.00', '2017-03-16 17:02:57', 3, '', 0, 2, NULL),
(150, 103, '2017-03-11 06:58:07', '18.00', '2017-03-16 17:05:26', 3, '', 0, 2, NULL),
(151, 167, '2017-03-13 06:06:45', '72.00', '2017-03-16 17:07:59', 3, '', 0, 1, NULL),
(152, 168, '2017-03-10 06:08:37', '24.00', '2017-03-16 17:09:26', 3, '', 0, 2, NULL),
(153, 169, '2017-03-15 06:10:25', '93.00', '2017-03-16 17:15:01', 3, '', 0, 2, NULL),
(154, 170, '2017-03-13 06:16:04', '30.00', '2017-03-16 17:16:56', 3, '', 0, 2, NULL),
(155, 171, '2017-03-11 06:23:21', '22.00', '2017-03-16 17:24:16', 3, '', 0, 1, NULL),
(156, 60, '2017-03-11 06:23:21', '60.00', '2017-03-16 17:28:10', 3, '', 0, 1, NULL),
(157, 172, '2017-03-11 06:30:20', '8.00', '2017-03-16 17:31:11', 3, '', 0, 1, NULL),
(158, 144, '2017-03-13 06:30:20', '8.00', '2017-03-16 17:32:19', 3, '', 0, 2, NULL),
(159, 91, '2017-03-13 06:30:20', '16.00', '2017-03-16 17:33:25', 3, '', 0, 2, NULL),
(160, 60, '2017-03-15 07:30:20', '90.00', '2017-03-16 17:35:00', 3, '', 0, 1, NULL),
(161, 60, '2017-03-11 06:30:20', '41.90', '2017-03-16 17:37:19', 3, '', 0, 1, NULL),
(162, 60, '2017-03-11 06:30:20', '20.00', '2017-03-16 17:38:07', 3, '', 0, 1, NULL),
(163, 173, '2017-03-14 06:39:03', '68.00', '2017-03-16 17:40:05', 3, '', 0, 2, NULL),
(164, 173, '2017-03-14 06:39:03', '56.00', '2017-03-16 17:41:15', 3, '', 0, 2, NULL),
(165, 173, '2017-03-14 06:39:03', '56.00', '2017-03-16 17:42:42', 3, '', 0, 2, NULL),
(166, 173, '2017-03-14 06:39:03', '40.00', '2017-03-16 17:43:36', 3, '', 0, 2, NULL),
(167, 174, '2017-03-11 06:45:44', '22.00', '2017-03-16 17:46:29', 3, '', 0, 1, NULL),
(168, 79, '2017-03-13 06:45:44', '26.00', '2017-03-16 17:47:50', 3, '', 0, 1, NULL),
(169, 49, '2017-03-13 06:45:44', '20.00', '2017-03-16 18:10:32', 3, '', 0, 2, NULL),
(170, 175, '2017-03-13 06:23:26', '16.00', '2017-03-16 18:24:05', 3, '', 0, 2, NULL),
(171, 176, '2017-03-11 06:24:51', '22.00', '2017-03-16 18:25:44', 3, '', 0, 1, NULL),
(172, 177, '2017-03-13 06:26:22', '22.00', '2017-03-16 18:27:55', 3, '', 0, 1, NULL),
(173, 178, '2017-03-13 06:28:25', '24.00', '2017-03-16 18:29:09', 3, '', 0, 2, NULL),
(174, 144, '2017-03-13 06:28:25', '16.00', '2017-03-16 18:30:59', 3, '', 0, 1, NULL),
(175, 179, '2017-03-15 06:31:36', '30.00', '2017-03-16 18:32:21', 3, '', 0, 1, NULL),
(176, 137, '2017-03-15 06:32:42', '34.00', '2017-03-16 18:33:35', 3, '', 0, 2, NULL),
(177, 180, '2017-03-14 06:36:46', '18.00', '2017-03-16 18:37:32', 3, '', 0, 2, NULL),
(178, 155, '2017-03-14 06:36:46', '26.00', '2017-03-16 18:38:47', 3, '', 0, 1, NULL),
(179, 181, '2017-03-14 06:39:27', '40.00', '2017-03-16 18:39:52', 3, '', 0, 1, NULL),
(180, 182, '2017-03-14 06:40:39', '10.00', '2017-03-16 18:41:07', 3, '', 0, 1, NULL),
(181, 183, '2017-03-16 06:41:36', '10.00', '2017-03-16 18:44:35', 3, '', 0, 1, NULL),
(182, 184, '2017-03-14 06:45:29', '32.00', '2017-03-16 18:46:11', 3, '', 0, 1, NULL),
(183, 100, '2017-03-15 06:45:29', '48.00', '2017-03-16 18:47:15', 3, '', 0, 2, NULL),
(184, 2, '2017-03-16 06:45:29', '30.00', '2017-03-16 19:01:09', 3, '', 0, 1, NULL),
(185, 197, '2017-03-21 06:00:00', '9.00', '2017-03-17 14:53:14', 4, 'SE RECEPCIONAN 0.900 GR.', 0, 1, NULL),
(186, 17, '2017-03-21 06:00:00', '27.90', '2017-03-17 14:59:42', 4, '', 0, 1, NULL),
(187, 17, '2017-03-21 06:00:00', '27.90', '2017-03-17 15:11:08', 4, '', 0, 1, NULL),
(188, 12, '2017-03-21 06:00:00', '32.40', '2017-03-17 15:14:17', 4, 'PENDIENTE DE PAGO', 0, 2, NULL),
(189, 204, '2017-03-16 06:23:43', '75.00', '2017-03-17 17:25:17', 3, '', 0, 1, NULL),
(190, 205, '2017-03-15 06:27:45', '20.00', '2017-03-17 17:28:27', 3, '', 0, 1, NULL),
(191, 87, '2017-03-15 06:27:45', '10.00', '2017-03-17 17:29:34', 3, '', 0, 1, NULL),
(192, 87, '2017-03-15 06:27:45', '10.00', '2017-03-17 17:30:06', 3, '', 0, 1, NULL),
(193, 57, '2017-03-17 06:27:45', '48.00', '2017-03-17 17:31:30', 3, '', 0, 1, NULL),
(194, 57, '2017-03-15 06:34:02', '44.00', '2017-03-17 17:36:48', 3, '', 0, 1, NULL),
(195, 207, '2017-03-15 06:38:45', '20.00', '2017-03-17 17:39:24', 3, '', 0, 1, NULL),
(196, 195, '2017-03-15 06:39:48', '40.00', '2017-03-17 17:40:59', 3, '', 0, 2, NULL),
(197, 195, '2017-03-16 06:39:48', '30.00', '2017-03-17 17:41:46', 3, '', 0, 2, NULL),
(198, 194, '2017-03-16 06:39:48', '30.00', '2017-03-17 17:42:31', 3, '', 0, 1, NULL),
(199, 208, '2017-03-15 06:43:33', '18.00', '2017-03-17 17:44:16', 3, '', 0, 2, NULL),
(200, 209, '2017-03-16 06:46:36', '20.00', '2017-03-17 17:47:08', 3, '', 0, 1, NULL),
(201, 64, '2017-03-15 06:46:36', '18.00', '2017-03-17 17:48:04', 3, '', 0, 2, NULL),
(202, 210, '2017-03-16 06:49:13', '30.00', '2017-03-17 17:51:29', 3, '', 0, 1, NULL),
(203, 211, '2017-03-15 05:52:41', '8.00', '2017-03-17 17:53:28', 3, '', 0, 2, NULL),
(204, 92, '2017-03-23 06:00:00', '10.00', '2017-03-18 08:57:35', 4, 'PAGO PENDIENTE', 0, 2, NULL),
(205, 213, '2017-03-21 06:00:00', '18.00', '2017-03-18 09:43:46', 4, 'PENDIENTE DE PAGO', 0, 2, NULL),
(206, 214, '2017-03-16 06:57:10', '44.00', '2017-03-18 09:58:13', 3, '', 0, 2, NULL),
(207, 103, '2017-03-16 06:59:54', '8.00', '2017-03-18 10:00:49', 3, '', 0, 1, NULL),
(208, 215, '2017-03-17 06:03:13', '30.00', '2017-03-18 10:03:50', 3, '', 0, 1, NULL),
(209, 217, '2017-03-15 06:07:21', '52.00', '2017-03-18 10:13:23', 3, '', 0, 2, NULL),
(210, 91, '2017-03-16 06:07:21', '41.90', '2017-03-18 10:15:48', 3, '', 0, 1, NULL),
(211, 91, '2017-03-16 06:07:21', '28.00', '2017-03-18 10:16:43', 3, '', 0, 2, NULL),
(212, 218, '2017-03-16 06:21:32', '44.00', '2017-03-18 10:22:31', 3, '', 0, 2, NULL),
(213, 5, '2017-03-17 06:23:52', '38.00', '2017-03-18 10:25:30', 3, '', 0, 1, NULL),
(214, 85, '2017-03-16 06:23:52', '8.00', '2017-03-18 10:26:30', 3, '', 0, 2, NULL),
(215, 220, '2017-03-16 06:28:06', '18.00', '2017-03-18 10:29:04', 3, '', 0, 2, NULL),
(216, 221, '2017-03-15 06:31:20', '20.00', '2017-03-18 10:32:27', 3, '', 0, 1, NULL),
(217, 182, '2017-03-16 06:31:20', '10.00', '2017-03-18 10:33:11', 3, '', 0, 1, NULL),
(218, 157, '2017-03-16 06:33:44', '10.00', '2017-03-18 10:34:24', 3, '', 0, 1, NULL),
(219, 62, '2017-03-16 06:33:44', '18.00', '2017-03-18 10:35:57', 3, '', 0, 2, NULL),
(220, 215, '2017-03-18 06:37:27', '22.00', '2017-03-18 10:38:12', 3, '', 0, 1, NULL),
(221, 215, '2017-03-17 06:37:27', '41.90', '2017-03-18 10:39:58', 3, '', 0, 1, NULL),
(222, 215, '2017-03-17 06:37:27', '36.00', '2017-03-18 10:43:06', 3, '', 0, 1, NULL),
(223, 222, '2017-03-16 06:44:30', '20.00', '2017-03-18 10:45:14', 3, '', 0, 2, NULL),
(224, 223, '2017-03-16 06:46:46', '10.00', '2017-03-18 10:47:21', 3, '', 0, 2, NULL),
(225, 142, '2017-03-18 06:46:46', '41.90', '2017-03-18 10:48:19', 3, '', 0, 1, NULL),
(226, 103, '2017-03-18 06:46:46', '24.00', '2017-03-18 10:48:58', 3, '', 0, 1, NULL),
(227, 161, '2017-03-18 06:46:46', '10.00', '2017-03-18 10:49:53', 3, '', 0, 2, NULL),
(228, 224, '2017-03-18 06:50:43', '24.00', '2017-03-18 10:51:35', 3, '', 0, 2, NULL),
(229, 225, '2017-03-18 06:52:40', '10.00', '2017-03-18 10:53:07', 3, '', 0, 2, NULL),
(230, 72, '2017-03-18 06:52:40', '10.00', '2017-03-18 10:53:46', 3, '', 0, 2, NULL),
(231, 226, '2017-03-16 04:55:18', '16.00', '2017-03-18 10:56:22', 3, '', 0, 1, NULL),
(232, 69, '2017-03-17 06:55:18', '32.00', '2017-03-18 10:57:52', 3, '', 0, 1, NULL),
(233, 227, '2017-03-18 06:01:30', '36.00', '2017-03-18 11:02:15', 3, '', 0, 2, NULL),
(234, 100, '2017-03-18 06:19:18', '32.00', '2017-03-18 11:23:19', 3, '', 0, 2, NULL),
(235, 206, '2017-03-17 06:19:18', '28.00', '2017-03-18 11:24:32', 3, '', 0, 1, NULL),
(236, 94, '2017-03-17 06:19:18', '8.00', '2017-03-18 11:25:13', 3, '', 0, 2, NULL),
(237, 229, '2017-03-17 06:32:20', '50.00', '2017-03-18 11:33:53', 3, '', 0, 1, NULL),
(238, 229, '2017-03-17 06:32:20', '40.00', '2017-03-18 11:35:08', 3, '', 0, 1, NULL),
(239, 183, '2017-03-17 06:32:20', '32.00', '2017-03-18 11:36:04', 3, '', 0, 1, NULL),
(240, 230, '2017-03-17 06:37:16', '22.00', '2017-03-18 11:37:54', 3, '', 0, 1, NULL),
(241, 113, '2017-03-17 06:37:16', '8.00', '2017-03-18 11:38:33', 3, '', 0, 1, NULL),
(242, 231, '2017-03-18 06:40:24', '16.00', '2017-03-18 11:40:56', 3, '', 0, 2, NULL),
(243, 232, '2017-03-18 06:42:55', '6.00', '2017-03-18 11:43:27', 3, '', 0, 1, NULL),
(244, 233, '2017-03-18 06:44:13', '88.00', '2017-03-18 11:49:42', 3, '', 0, 2, NULL),
(245, 234, '2017-03-17 05:51:02', '10.00', '2017-03-18 11:51:49', 3, '', 0, 1, NULL),
(246, 235, '2017-03-20 06:52:49', '35.00', '2017-03-18 11:53:32', 3, '', 0, 2, NULL),
(247, 87, '2017-03-18 06:52:49', '10.00', '2017-03-18 11:54:29', 3, '', 0, 1, NULL),
(248, 236, '2017-03-20 06:55:16', '30.00', '2017-03-18 11:55:57', 3, '', 0, 1, NULL),
(249, 237, '2017-03-18 06:07:54', '22.00', '2017-03-18 12:08:44', 3, '', 0, 1, NULL),
(250, 238, '2017-03-18 06:16:26', '32.00', '2017-03-18 12:17:07', 3, '', 0, 1, NULL),
(251, 192, '2017-03-20 06:16:26', '30.00', '2017-03-18 12:18:18', 3, '', 0, 1, NULL);

-- --------------------------------------------------------

--
-- Estructura de tabla para la tabla `OrdenLinea`
--

CREATE TABLE IF NOT EXISTS `OrdenLinea` (
  `idOrden` int(11) NOT NULL,
  `item` int(11) NOT NULL,
  `idPrenda` int(11) NOT NULL,
  `Descripcion` varchar(120) NOT NULL,
  `cantidad` int(11) NOT NULL,
  `precio` decimal(10,2) NOT NULL,
  `defecto` varchar(120) DEFAULT NULL,
  `colorPrenda` varchar(200) NOT NULL,
  `marca` varchar(4100) DEFAULT NULL,
  `total` decimal(10,2) NOT NULL,
  `estado` int(11) DEFAULT NULL,
  UNIQUE KEY `idOrden` (`idOrden`,`item`)
) ENGINE=MyISAM DEFAULT CHARSET=latin1;

--
-- Volcado de datos para la tabla `OrdenLinea`
--

INSERT INTO `OrdenLinea` (`idOrden`, `item`, `idPrenda`, `Descripcion`, `cantidad`, `precio`, `defecto`, `colorPrenda`, `marca`, `total`, `estado`) VALUES
(1, 49, 1, 'CUBRECAMA', 1, '30.00', 'Sin Defectos', '', NULL, '30.00', 0),
(2, 55, 1, 'CORTINA BAÑO', 2, '14.00', 'Sin Defectos', '', NULL, '28.00', 0),
(3, 1, 1, 'ROPA AL PESO', 9, '4.50', 'Sin Defectos', '', NULL, '40.50', 1),
(4, 1, 1, 'ROPA AL PESO', 6, '4.50', 'Sin Defectos', '', NULL, '27.00', 0),
(4, 2, 1, 'SACO', 2, '12.00', 'Gastado', 'Rojo,\r\n', NULL, '24.00', 0),
(5, 2, 1, 'SACO', 2, '12.00', 'Manchado', 'Azul,\r\n', NULL, '24.00', 1),
(5, 5, 1, 'OFERTA 6 PRENDAS X  S/.41.90', 1, '41.90', 'Gastado', 'Azul,\r\nRojo,\r\nNegro,\r\n', NULL, '41.90', 1),
(6, 2, 1, 'SACO', 1, '12.00', 'Descolorido', 'Negro,\r\n', NULL, '12.00', 0),
(6, 7, 1, 'FALDA', 1, '10.00', 'Roto', 'verde,\r\n', NULL, '10.00', 0),
(7, 1, 1, 'TERNO', 3, '22.00', 'Sin Defectos', '', NULL, '66.00', 1),
(8, 4, 1, 'CAMISA', 6, '8.00', 'Sin Defectos', '', NULL, '48.00', 0),
(9, 4, 1, 'CAMISA', 4, '8.00', 'Sin Defectos', '', NULL, '32.00', 0),
(10, 1, 1, 'ROPA AL PESO', 3, '4.50', 'Sin Defectos', '', NULL, '15.30', 1),
(11, 5, 1, 'PANTALON', 3, '10.00', 'Sin Defectos', 'NEGRO,\r\nCAMELLO,\r\nAzul,\r\n', NULL, '30.00', 0),
(12, 44, 1, 'EDREDON 30', 1, '30.00', 'Sin Defectos', 'Azul,\r\nRojo,\r\n', NULL, '30.00', 0),
(13, 1, 1, 'ROPA AL PESO', 3, '4.50', 'Sin Defectos', '', NULL, '14.40', 0),
(14, 5, 1, 'PANTALON', 1, '10.00', 'Sin Defectos', '', NULL, '10.00', 0),
(15, 4, 1, 'CAMISA', 1, '8.00', 'Sin Defectos', 'Azul,\r\n', NULL, '8.00', 1),
(16, 1, 1, 'ROPA AL PESO', 5, '4.50', 'Sin Defectos', '', NULL, '22.50', 0),
(17, 4, 1, 'CAMISA', 4, '8.00', 'Sin Defectos', '', NULL, '32.00', 0),
(18, 1, 1, 'ROPA AL PESO', 2, '4.50', 'Manchado', '', NULL, '9.00', 0),
(19, 1, 1, 'ROPA AL PESO', 4, '4.50', 'Sin Defectos', '', NULL, '17.55', 0),
(21, 44, 1, 'EDREDON 30', 2, '30.00', 'Manchado', 'Azul,\r\nnaranja,\r\n', NULL, '60.00', 0),
(22, 39, 1, 'VESTIDO SIMPLE', 1, '20.00', 'Manchado', 'CREMA,\r\n', NULL, '20.00', 0),
(23, 1, 1, 'TERNO', 1, '22.00', 'Sin Defectos', 'NEGRO A RAYAS', NULL, '22.00', 0),
(24, 5, 1, 'PANTALON', 1, '10.00', 'Sin Defectos', 'blanco', NULL, '10.00', 0),
(25, 5, 1, 'OFERTA 6 PRENDAS X  S/.41.90', 1, '41.90', 'Sin Defectos', '', NULL, '41.90', 0),
(26, 1, 1, 'ROPA AL PESO', 4, '4.50', 'Sin Defectos', '', NULL, '16.20', 0),
(27, 1, 1, 'ROPA AL PESO', 3, '4.50', 'Sin Defectos', '', NULL, '15.30', 0),
(28, 1, 1, 'ROPA AL PESO', 2, '4.50', 'Sin Defectos', '', NULL, '9.00', 0),
(29, 1, 1, 'ROPA AL PESO', 2, '4.50', 'Sin Defectos', '', NULL, '9.00', 0),
(30, 1, 1, 'ROPA AL PESO', 4, '4.50', 'Sin Defectos', '', NULL, '18.00', 0),
(31, 4, 1, 'CAMISA', 5, '8.00', 'Sin Defectos', 'CREMA,\r\nAzul,\r\n', NULL, '40.00', 0),
(32, 1, 1, 'ROPA AL PESO', 4, '4.50', 'Sin Defectos', '', NULL, '18.90', 0),
(33, 1, 1, 'ROPA AL PESO', 6, '4.50', 'Sin Defectos', '', NULL, '27.00', 0),
(34, 1, 1, 'ROPA AL PESO', 4, '4.50', 'Manchado', '', NULL, '18.90', 0),
(35, 5, 1, 'PANTALON', 1, '10.00', 'Sin Defectos', 'NEGRO,\r\n', NULL, '10.00', 0),
(36, 5, 1, 'PANTALON', 1, '10.00', 'Sin Defectos', 'BEIGE', NULL, '10.00', 0),
(37, 44, 1, 'EDREDON 30', 2, '30.00', 'Sin Defectos', '', NULL, '60.00', 0),
(38, 49, 1, 'CUBRECAMA', 1, '30.00', 'Manchado', 'Rojo,\r\n', NULL, '30.00', 0),
(39, 5, 1, 'PANTALON', 1, '10.00', 'Sin Defectos', 'NEGRO,\r\n', NULL, '10.00', 0),
(40, 4, 1, 'CAMISA', 14, '8.00', 'Sin Defectos', '', NULL, '112.00', 0),
(40, 5, 1, 'PANTALON', 4, '10.00', 'Manchado', '', NULL, '40.00', 0),
(41, 44, 1, 'EDREDON 30', 1, '30.00', 'Manchado', 'CREMA,\r\n', NULL, '30.00', 0),
(41, 46, 1, 'EDREDON PLUMAS', 2, '45.00', 'Manchado', 'Azul,\r\n', NULL, '90.00', 0),
(42, 4, 1, 'CAMISA', 1, '8.00', 'Manchado', 'CREMA,\r\n', NULL, '8.00', 0),
(43, 49, 1, 'CUBRECAMA', 1, '30.00', 'Manchado', 'Rojo,\r\n', NULL, '30.00', 0),
(44, 4, 1, 'CAMISA', 1, '8.00', 'Manchado', 'CREMA,\r\n', NULL, '8.00', 0),
(45, 5, 1, 'PANTALON', 2, '10.00', 'Manchado', 'MARRON,\r\n', NULL, '20.00', 0),
(45, 4, 1, 'CAMISA', 3, '8.00', 'Manchado', 'verde,\r\n', NULL, '24.00', 0),
(46, 4, 1, 'CAMISA', 5, '8.00', 'Manchado', 'Azul,\r\n', NULL, '40.00', 0),
(46, 5, 1, 'PANTALON', 1, '10.00', 'Manchado', 'BEIGE,\r\n', NULL, '10.00', 0),
(47, 4, 1, 'CAMISA', 1, '8.00', 'Manchado', 'Azul,\r\n', NULL, '8.00', 0),
(48, 2, 1, 'SACO', 1, '12.00', 'Manchado', 'AZULINO,\r\n', NULL, '12.00', 0),
(49, 58, 1, 'MANTEL  24', 1, '24.00', 'Manchado', 'CREMA,\r\n', NULL, '24.00', 0),
(50, 5, 1, 'PANTALON', 1, '10.00', 'Manchado', 'NEGRO,\r\n', NULL, '10.00', 0),
(51, 49, 1, 'CUBRECAMA', 1, '30.00', 'Manchado', 'PLOMO,\r\n', NULL, '30.00', 0),
(52, 45, 1, 'EDREDON 35', 1, '35.00', 'Manchado', 'CREMA,\r\n', NULL, '35.00', 0),
(53, 5, 1, 'PANTALON', 1, '10.00', 'Manchado', 'NEGRO,\r\n', NULL, '10.00', 0),
(54, 46, 1, 'EDREDON PLUMAS', 1, '45.00', 'Manchado', 'CREMA,\r\n', NULL, '45.00', 0),
(54, 44, 1, 'EDREDON 30', 2, '30.00', 'Manchado', 'palo rosa,\r\n', NULL, '60.00', 0),
(55, 4, 1, 'CAMISA', 8, '8.00', 'Manchado', 'CREMA,\r\n', NULL, '64.00', 0),
(56, 5, 1, 'PANTALON', 1, '10.00', 'Manchado', 'Azul,\r\n', NULL, '10.00', 0),
(57, 5, 1, 'PANTALON', 1, '10.00', 'Manchado', 'NEGRO,\r\n', NULL, '10.00', 0),
(58, 37, 1, 'CASACA', 1, '18.00', 'Manchado', 'NEGRO,\r\n', NULL, '18.00', 0),
(59, 54, 1, 'COBERTOR', 1, '22.00', 'Manchado', 'verde,\r\n', NULL, '22.00', 0),
(60, 4, 1, 'CAMISA', 2, '8.00', 'Manchado', 'Azul,\r\n', NULL, '16.00', 0),
(60, 42, 1, 'PASHMINA', 1, '10.00', 'Sin Defectos', '', NULL, '10.00', 0),
(61, 4, 1, 'CAMISA', 2, '8.00', 'Sin Defectos', '', NULL, '16.00', 0),
(61, 42, 1, 'PASHMINA', 1, '10.00', 'Sin Defectos', '', NULL, '10.00', 0),
(62, 1, 1, 'ROPA AL PESO', 2, '4.50', 'Sin Defectos', '', NULL, '10.80', 0),
(63, 2, 1, 'SACO', 1, '12.00', 'Sin Defectos', '', NULL, '12.00', 0),
(64, 1, 1, 'ROPA AL PESO', 2, '4.50', 'Sin Defectos', '', NULL, '9.00', 0),
(65, 1, 1, 'ROPA AL PESO', 7, '4.50', 'Sin Defectos', '', NULL, '29.70', 0),
(66, 4, 1, 'CAMISA', 1, '8.00', 'Sin Defectos', '', NULL, '8.00', 0),
(67, 1, 1, 'ROPA AL PESO', 2, '4.50', 'Sin Defectos', '', NULL, '9.90', 0),
(68, 4, 1, 'CAMISA', 1, '8.00', 'Sin Defectos', '', NULL, '8.00', 0),
(68, 6, 1, 'SHORT', 1, '10.00', 'Sin Defectos', '', NULL, '10.00', 0),
(69, 1, 1, 'ROPA AL PESO', 2, '4.50', 'Sin Defectos', '', NULL, '9.00', 0),
(70, 4, 1, 'CAMISA', 1, '8.00', 'Sin Defectos', '', NULL, '8.00', 0),
(71, 44, 1, 'EDREDON 30', 1, '30.00', 'Sin Defectos', '', NULL, '30.00', 0),
(72, 5, 1, 'PANTALON', 1, '10.00', 'Sin Defectos', '', NULL, '10.00', 0),
(72, 4, 1, 'CAMISA', 3, '8.00', 'Sin Defectos', 'No especificado', NULL, '24.00', 0),
(73, 5, 1, 'PANTALON', 1, '10.00', 'Manchado', 'Azul,\r\n', NULL, '10.00', 0),
(74, 4, 1, 'CAMISA', 5, '8.00', 'Manchado', 'GRIS,\r\n', NULL, '40.00', 0),
(75, 46, 1, 'EDREDON PLUMAS', 1, '45.00', 'Sin Defectos', 'CREMA,\r\n', NULL, '45.00', 0),
(76, 45, 1, 'EDREDON 35', 1, '35.00', 'Sin Defectos', 'No especificado', NULL, '35.00', 0),
(77, 1, 1, 'TERNO', 1, '22.00', 'Manchado', 'Azul,\r\n', NULL, '22.00', 0),
(78, 4, 1, 'CAMISA', 1, '8.00', 'Manchado', 'CREMA,\r\n', NULL, '8.00', 0),
(79, 46, 1, 'EDREDON PLUMAS', 1, '45.00', 'Manchado', 'Azul,\r\n', NULL, '45.00', 0),
(80, 5, 1, 'PANTALON', 2, '10.00', 'Manchado', 'BEIGE,\r\n', NULL, '20.00', 0),
(80, 4, 1, 'CAMISA', 1, '8.00', 'Manchado', 'CREMA,\r\n', NULL, '8.00', 0),
(81, 2, 1, 'SACO', 1, '12.00', 'Manchado', 'PLOMO,\r\n', NULL, '12.00', 0),
(82, 37, 1, 'CASACA', 1, '18.00', 'Sin Defectos', 'CREMA,\r\n', NULL, '18.00', 0),
(82, 5, 1, 'PANTALON', 1, '10.00', 'Sin Defectos', 'Negro,\r\n', NULL, '10.00', 0),
(83, 4, 1, 'CAMISA', 4, '8.00', 'Manchado', 'verde,\r\n', NULL, '32.00', 0),
(84, 6, 1, 'SHORT', 1, '10.00', 'Sin Defectos', 'verde,\r\n', NULL, '10.00', 0),
(85, 4, 1, 'CAMISA', 1, '8.00', 'Manchado', 'CREMA,\r\n', NULL, '8.00', 0),
(86, 45, 1, 'EDREDON 35', 1, '35.00', 'Sin Defectos', 'No especificado', NULL, '35.00', 0),
(86, 49, 1, 'CUBRECAMA', 1, '30.00', 'Sin Defectos', 'BEIGE,\r\n', NULL, '30.00', 0),
(87, 4, 1, 'CAMISA', 4, '8.00', 'Manchado', '', NULL, '32.00', 0),
(88, 4, 1, 'CAMISA', 5, '8.00', 'Sin Defectos', 'No especificado', NULL, '40.00', 0),
(89, 1, 1, 'TERNO', 1, '22.00', 'Sin Defectos', 'Negro,\r\n', NULL, '22.00', 0),
(90, 4, 1, 'CAMISA', 1, '8.00', 'Manchado', '', NULL, '8.00', 0),
(91, 44, 1, 'EDREDON 30', 1, '30.00', 'Sin Defectos', 'GRIS,\r\nverde,\r\nCREMA,\r\n', NULL, '30.00', 0),
(91, 45, 1, 'EDREDON 35', 1, '35.00', 'Sin Defectos', 'BLANCO,\r\n', NULL, '35.00', 0),
(92, 37, 1, 'CASACA', 1, '18.00', 'Manchado', 'NEGRO,\r\n', NULL, '18.00', 0),
(92, 2, 1, 'SACO', 1, '12.00', 'Manchado', 'NEGRO,\r\n', NULL, '12.00', 0),
(92, 5, 1, 'PANTALON', 1, '10.00', 'Manchado', 'NEGRO,\r\n', NULL, '10.00', 0),
(93, 2, 1, 'SACO', 2, '12.00', 'Roto', '', NULL, '24.00', 0),
(93, 31, 1, 'SACON', 1, '18.00', 'Sin Defectos', '', NULL, '18.00', 0),
(94, 2, 1, 'SACO', 1, '12.00', 'Sin Defectos', '', NULL, '12.00', 0),
(94, 31, 1, 'SACON', 1, '18.00', 'Sin Defectos', 'Azul,\r\n', NULL, '18.00', 0),
(95, 2, 1, 'SACO', 1, '12.00', 'Manchado', '', NULL, '12.00', 0),
(96, 4, 1, 'CAMISA', 2, '8.00', 'Sin Defectos', 'BLANCO,\r\nverde,\r\n', NULL, '16.00', 0),
(97, 5, 1, 'PANTALON', 5, '10.00', 'Sin Defectos', 'Negro,\r\nAzul,\r\nverde,\r\n', NULL, '50.00', 0),
(98, 5, 1, 'PANTALON', 3, '10.00', 'Sin Defectos', 'MARRON,\r\nAzul,\r\nNegro,\r\n', NULL, '30.00', 0),
(99, 1, 1, 'ROPA AL PESO', 8, '4.50', 'Sin Defectos', '', NULL, '34.20', 0),
(100, 5, 1, 'PANTALON', 2, '10.00', 'Manchado', 'MARRON,\r\nNegro,\r\n', NULL, '20.00', 0),
(100, 4, 1, 'CAMISA', 2, '8.00', 'Sin Defectos', '', NULL, '16.00', 0),
(101, 35, 1, 'CHALECO 16', 3, '16.00', 'Manchado', 'Negro,\r\n', NULL, '48.00', 0),
(102, 2, 1, 'SACO', 1, '12.00', 'Manchado', 'Azul,\r\n', NULL, '12.00', 0),
(103, 3, 1, 'OFERTA 12 PRENDAS POR 79.90 S/.', 1, '79.90', 'Sin Defectos', '', NULL, '79.90', 0),
(104, 1, 1, 'TERNO', 1, '22.00', 'Manchado', '', NULL, '22.00', 0),
(105, 39, 1, 'VESTIDO SIMPLE', 2, '20.00', 'Manchado', 'AZULINO,\r\n', NULL, '40.00', 0),
(105, 61, 1, 'BLUSAS', 2, '8.00', 'Manchado', 'Rojo,\r\n', NULL, '16.00', 0),
(106, 1, 1, 'TERNO', 1, '22.00', 'Manchado', 'PLOMO,\r\n', NULL, '22.00', 0),
(106, 5, 1, 'PANTALON', 1, '10.00', 'Manchado', 'NEGRO,\r\n', NULL, '10.00', 0),
(107, 5, 1, 'PANTALON', 1, '10.00', 'Manchado', 'Azul,\r\n', NULL, '10.00', 0),
(108, 5, 1, 'PANTALON', 1, '10.00', 'Manchado', 'NEGRO,\r\n', NULL, '10.00', 0),
(109, 1, 1, 'TERNO', 1, '22.00', 'Manchado', 'BEIGE,\r\n', NULL, '22.00', 0),
(110, 4, 1, 'CAMISA', 1, '8.00', 'Manchado', 'Azul,\r\n', NULL, '8.00', 0),
(111, 2, 1, 'SACO', 1, '12.00', 'Manchado', 'NEGRO,\r\n', NULL, '12.00', 0),
(111, 61, 1, 'BLUSAS', 1, '8.00', 'Manchado', '', NULL, '8.00', 0),
(112, 35, 1, 'CHALECO 16', 1, '16.00', 'Manchado', '', NULL, '16.00', 0),
(113, 4, 1, 'CAMISA', 5, '8.00', 'Manchado', 'NEGRO,\r\n', NULL, '40.00', 0),
(114, 2, 1, 'SACO', 3, '12.00', 'Manchado', 'NEGRO,\r\n', NULL, '36.00', 0),
(115, 61, 1, 'BLUSAS', 1, '8.00', 'Manchado', 'CREMA,\r\n', NULL, '8.00', 0),
(116, 44, 1, 'EDREDON 30', 1, '30.00', 'Manchado', '', NULL, '30.00', 0),
(116, 49, 1, 'CUBRECAMA', 1, '30.00', 'Manchado', '', NULL, '30.00', 0),
(117, 39, 1, 'VESTIDO SIMPLE', 1, '20.00', 'Manchado', '', NULL, '20.00', 0),
(118, 31, 1, 'SACON', 1, '18.00', 'Manchado', 'CREMA,\r\n', NULL, '18.00', 0),
(119, 5, 1, 'PANTALON', 1, '10.00', 'Manchado', 'NEGRO,\r\n', NULL, '10.00', 0),
(120, 5, 1, 'PANTALON', 1, '10.00', 'Manchado', 'NEGRO,\r\n', NULL, '10.00', 0),
(121, 61, 1, 'BLUSAS', 1, '8.00', 'Manchado', '', NULL, '8.00', 0),
(122, 2, 1, 'SACO', 1, '12.00', 'Manchado', 'PLOMO,\r\n', NULL, '12.00', 0),
(123, 5, 1, 'PANTALON', 1, '10.00', 'Manchado', 'naranja,\r\n', NULL, '10.00', 0),
(124, 5, 1, 'PANTALON', 4, '10.00', 'Manchado', 'BEIGE,\r\n', NULL, '40.00', 0),
(124, 4, 1, 'CAMISA', 1, '8.00', 'Manchado', 'BEIGE,\r\n', NULL, '8.00', 0),
(125, 52, 1, 'ALMOHADAS', 3, '12.00', 'Manchado', 'CREMA,\r\n', NULL, '36.00', 0),
(126, 57, 1, 'MANTEL  22', 1, '22.00', 'Manchado', '', NULL, '22.00', 0),
(127, 4, 1, 'CAMISA', 1, '8.00', 'Manchado', '', NULL, '8.00', 0),
(128, 49, 1, 'CUBRECAMA', 2, '30.00', 'Manchado', '', NULL, '60.00', 0),
(129, 5, 1, 'PANTALON', 1, '10.00', 'Manchado', 'Azul,\r\n', NULL, '10.00', 0),
(130, 37, 1, 'CASACA', 1, '18.00', 'Manchado', 'NEGRO,\r\n', NULL, '18.00', 0),
(131, 4, 1, 'CAMISA', 1, '8.00', 'Manchado', 'Azul,\r\n', NULL, '8.00', 0),
(132, 4, 1, 'CAMISA', 2, '8.00', 'Manchado', 'NEGRO,\r\n', NULL, '16.00', 0),
(133, 49, 1, 'CUBRECAMA', 1, '30.00', 'Manchado', 'BEIGE,\r\n', NULL, '30.00', 0),
(134, 4, 1, 'CAMISA', 1, '8.00', 'Manchado', '', NULL, '8.00', 0),
(135, 5, 1, 'OFERTA 6 PRENDAS X  S/.41.90', 1, '41.90', 'Sin Defectos', '', NULL, '41.90', 0),
(136, 4, 1, 'CAMISA', 1, '8.00', 'Manchado', 'Rojo,\r\n', NULL, '8.00', 0),
(137, 1, 1, 'TERNO', 1, '22.00', 'Manchado', 'Rojo,\r\n', NULL, '22.00', 0),
(138, 54, 1, 'COBERTOR', 2, '22.00', 'Manchado', 'MARRON,\r\n', NULL, '44.00', 0),
(139, 35, 1, 'CHALECO 16', 1, '16.00', 'Manchado', 'NEGRO,\r\n', NULL, '16.00', 0),
(140, 4, 1, 'CAMISA', 1, '8.00', 'Manchado', 'CREMA,\r\n', NULL, '8.00', 0),
(141, 5, 1, 'PANTALON', 1, '10.00', 'Manchado', 'NEGRO,\r\n', NULL, '10.00', 0),
(142, 49, 1, 'CUBRECAMA', 1, '30.00', 'Manchado', 'CREMA,\r\n', NULL, '30.00', 0),
(143, 5, 1, 'PANTALON', 1, '10.00', 'Manchado', 'BEIGE,\r\n', NULL, '10.00', 0),
(144, 4, 1, 'CAMISA', 1, '8.00', 'Manchado', 'CREMA,\r\n', NULL, '8.00', 0),
(144, 5, 1, 'PANTALON', 1, '10.00', 'Manchado', 'PLOMO,\r\n', NULL, '10.00', 0),
(146, 57, 1, 'MANTEL  22', 1, '22.00', 'Manchado', '', NULL, '22.00', 0),
(146, 47, 1, 'FRAZADA 18', 1, '18.00', 'Manchado', '', NULL, '18.00', 0),
(147, 1, 1, 'TERNO', 1, '22.00', 'Manchado', '', NULL, '22.00', 0),
(147, 2, 1, 'SACO', 1, '12.00', 'Manchado', '', NULL, '12.00', 0),
(147, 51, 1, 'JUEGO SABANAS', 1, '18.00', 'Manchado', '', NULL, '18.00', 0),
(148, 4, 1, 'CAMISA', 5, '8.00', 'Manchado', '', NULL, '40.00', 0),
(148, 5, 1, 'PANTALON', 1, '10.00', 'Manchado', '', NULL, '10.00', 0),
(149, 54, 1, 'COBERTOR', 1, '22.00', 'Manchado', '', NULL, '22.00', 0),
(150, 5, 1, 'PANTALON', 1, '10.00', 'Manchado', 'CREMA,\r\n', NULL, '10.00', 0),
(150, 4, 1, 'CAMISA', 1, '8.00', 'Manchado', 'Azul,\r\n', NULL, '8.00', 0),
(151, 4, 1, 'CAMISA', 9, '8.00', 'Manchado', 'verde,\r\n', NULL, '72.00', 0),
(152, 2, 1, 'SACO', 2, '12.00', 'Manchado', '', NULL, '24.00', 0),
(153, 57, 1, 'MANTEL  22', 4, '22.00', 'Manchado', '', NULL, '88.00', 0),
(153, 59, 1, 'SERVILLETAS', 2, '2.50', 'Manchado', '', NULL, '5.00', 0),
(154, 49, 1, 'CUBRECAMA', 1, '30.00', 'Manchado', '', NULL, '30.00', 0),
(155, 1, 1, 'TERNO', 1, '22.00', 'Manchado', '', NULL, '22.00', 0),
(156, 4, 1, 'CAMISA', 5, '8.00', 'Manchado', '', NULL, '40.00', 0),
(156, 5, 1, 'PANTALON', 2, '10.00', 'Manchado', '', NULL, '20.00', 0),
(157, 4, 1, 'CAMISA', 1, '8.00', 'Manchado', '', NULL, '8.00', 0),
(158, 61, 1, 'BLUSAS', 1, '8.00', 'Manchado', 'CREMA,\r\n', NULL, '8.00', 0),
(159, 4, 1, 'CAMISA', 2, '8.00', 'Manchado', '', NULL, '16.00', 0),
(160, 44, 1, 'EDREDON 30', 3, '30.00', 'Manchado', '', NULL, '90.00', 0),
(161, 5, 1, 'OFERTA 6 PRENDAS X  S/.41.90', 1, '41.90', 'Manchado', '', NULL, '41.90', 0),
(162, 5, 1, 'PANTALON', 2, '10.00', 'Manchado', '', NULL, '20.00', 0),
(163, 2, 1, 'SACO', 1, '12.00', 'Manchado', '', NULL, '12.00', 0),
(163, 40, 1, 'VESTIDO FIESTA', 2, '28.00', 'Manchado', '', NULL, '56.00', 0),
(164, 40, 1, 'VESTIDO FIESTA', 2, '28.00', 'Manchado', '', NULL, '56.00', 0),
(165, 5, 1, 'PANTALON', 4, '10.00', 'Manchado', '', NULL, '40.00', 0),
(165, 4, 1, 'CAMISA', 2, '8.00', 'Manchado', '', NULL, '16.00', 0),
(166, 4, 1, 'CAMISA', 5, '8.00', 'Manchado', '', NULL, '40.00', 0),
(167, 1, 1, 'TERNO', 1, '22.00', 'Manchado', 'Azul,\r\n', NULL, '22.00', 0),
(168, 62, 1, 'POLO', 2, '8.00', 'Manchado', '', NULL, '16.00', 0),
(168, 6, 1, 'SHORT', 1, '10.00', 'Manchado', 'Azul,\r\n', NULL, '10.00', 0),
(169, 56, 1, 'PISOS', 2, '10.00', 'Manchado', 'CREMA,\r\n', NULL, '20.00', 0),
(170, 4, 1, 'CAMISA', 2, '8.00', 'Manchado', '', NULL, '16.00', 0),
(171, 1, 1, 'TERNO', 1, '22.00', 'Manchado', '', NULL, '22.00', 0),
(172, 1, 1, 'TERNO', 1, '22.00', 'Manchado', '', NULL, '22.00', 0),
(173, 38, 1, 'CASACA  PLUMAS', 1, '24.00', 'Manchado', 'MARRON,\r\n', NULL, '24.00', 0),
(174, 61, 1, 'BLUSAS', 2, '8.00', 'Manchado', '', NULL, '16.00', 0),
(175, 49, 1, 'CUBRECAMA', 1, '30.00', 'Manchado', '', NULL, '30.00', 0),
(176, 52, 1, 'ALMOHADAS', 2, '12.00', 'Manchado', '', NULL, '24.00', 0),
(176, 5, 1, 'PANTALON', 1, '10.00', 'Manchado', '', NULL, '10.00', 0),
(177, 62, 1, 'POLO', 1, '8.00', 'Manchado', '', NULL, '8.00', 0),
(177, 5, 1, 'PANTALON', 1, '10.00', 'Manchado', '', NULL, '10.00', 0),
(178, 4, 1, 'CAMISA', 2, '8.00', 'Manchado', '', NULL, '16.00', 0),
(178, 5, 1, 'PANTALON', 1, '10.00', 'Manchado', '', NULL, '10.00', 0),
(179, 4, 1, 'CAMISA', 5, '8.00', 'Manchado', '', NULL, '40.00', 0),
(180, 5, 1, 'PANTALON', 1, '10.00', 'Manchado', '', NULL, '10.00', 0),
(181, 5, 1, 'PANTALON', 1, '10.00', 'Manchado', '', NULL, '10.00', 0),
(182, 4, 1, 'CAMISA', 4, '8.00', 'Manchado', '', NULL, '32.00', 0),
(183, 4, 1, 'CAMISA', 6, '8.00', 'Manchado', '', NULL, '48.00', 0),
(184, 49, 1, 'CUBRECAMA', 1, '30.00', 'Manchado', '', NULL, '30.00', 0),
(185, 1, 1, 'ROPA AL PESO', 2, '4.50', 'Sin Defectos', '', NULL, '9.00', 0),
(186, 1, 1, 'ROPA AL PESO', 6, '4.50', 'Sin Defectos', '', NULL, '27.90', 0),
(187, 1, 1, 'ROPA AL PESO', 6, '4.50', 'Sin Defectos', '', NULL, '27.90', 0),
(188, 1, 1, 'ROPA AL PESO', 7, '4.50', 'Sin Defectos', '', NULL, '32.40', 0),
(189, 44, 1, 'EDREDON 30', 1, '30.00', 'Manchado', '', NULL, '30.00', 0),
(189, 46, 1, 'EDREDON PLUMAS', 1, '45.00', 'Manchado', '', NULL, '45.00', 0),
(190, 5, 1, 'PANTALON', 2, '10.00', 'Manchado', '', NULL, '20.00', 0),
(192, 6, 1, 'SHORT', 1, '10.00', 'Manchado', '', NULL, '10.00', 0),
(193, 44, 1, 'EDREDON 30', 1, '30.00', 'Manchado', '', NULL, '30.00', 0),
(193, 53, 1, 'PROTECTOR', 1, '18.00', 'Manchado', '', NULL, '18.00', 0),
(194, 61, 1, 'BLUSAS', 3, '8.00', 'Manchado', 'verde,\r\n', NULL, '24.00', 0),
(194, 5, 1, 'PANTALON', 2, '10.00', 'Manchado', '', NULL, '20.00', 0),
(195, 39, 1, 'VESTIDO SIMPLE', 1, '20.00', 'Manchado', '', NULL, '20.00', 0),
(196, 36, 1, 'CHALECO PLUMAS', 2, '20.00', 'Manchado', '', NULL, '40.00', 0),
(197, 44, 1, 'EDREDON 30', 1, '30.00', 'Manchado', '', NULL, '30.00', 0),
(198, 5, 1, 'PANTALON', 3, '10.00', 'Manchado', '', NULL, '30.00', 0),
(199, 37, 1, 'CASACA', 1, '18.00', 'Manchado', '', NULL, '18.00', 0),
(200, 5, 1, 'PANTALON', 2, '10.00', 'Manchado', '', NULL, '20.00', 0),
(201, 4, 1, 'CAMISA', 1, '8.00', 'Manchado', '', NULL, '8.00', 0),
(201, 5, 1, 'PANTALON', 1, '10.00', 'Manchado', '', NULL, '10.00', 0),
(202, 49, 1, 'CUBRECAMA', 1, '30.00', 'Manchado', '', NULL, '30.00', 0),
(203, 62, 1, 'POLO', 1, '8.00', 'Manchado', '', NULL, '8.00', 0),
(204, 5, 1, 'PANTALON', 1, '10.00', 'Sin Defectos', 'GRIS,\r\n', NULL, '10.00', 0),
(205, 1, 1, 'ROPA AL PESO', 4, '4.50', 'Sin Defectos', '', NULL, '18.00', 0),
(206, 1, 1, 'TERNO', 1, '22.00', 'Manchado', '', NULL, '22.00', 0),
(207, 4, 1, 'CAMISA', 1, '8.00', 'Manchado', '', NULL, '8.00', 0),
(208, 49, 1, 'CUBRECAMA', 1, '30.00', 'Manchado', '', NULL, '30.00', 0),
(209, 5, 1, 'PANTALON', 3, '10.00', 'Manchado', '', NULL, '30.00', 0),
(209, 1, 1, 'TERNO', 1, '22.00', 'Manchado', '', NULL, '22.00', 0),
(210, 5, 1, 'OFERTA 6 PRENDAS X  S/.41.90', 1, '41.90', 'Manchado', '', NULL, '41.90', 0),
(211, 40, 1, 'VESTIDO FIESTA', 1, '28.00', 'Manchado', '', NULL, '28.00', 0),
(212, 1, 1, 'TERNO', 1, '22.00', 'Manchado', '', NULL, '22.00', 0),
(213, 39, 1, 'VESTIDO SIMPLE', 1, '20.00', 'Manchado', '', NULL, '20.00', 0),
(213, 31, 1, 'SACON', 1, '18.00', 'Manchado', '', NULL, '18.00', 0),
(214, 4, 1, 'CAMISA', 1, '8.00', 'Manchado', '', NULL, '8.00', 0),
(215, 5, 1, 'PANTALON', 1, '10.00', 'Manchado', '', NULL, '10.00', 0),
(215, 61, 1, 'BLUSAS', 1, '8.00', 'Manchado', '', NULL, '8.00', 0),
(216, 39, 1, 'VESTIDO SIMPLE', 1, '20.00', 'Manchado', '', NULL, '20.00', 0),
(217, 5, 1, 'PANTALON', 1, '10.00', 'Manchado', '', NULL, '10.00', 0),
(218, 5, 1, 'PANTALON', 1, '10.00', 'Manchado', '', NULL, '10.00', 0),
(219, 62, 1, 'POLO', 1, '8.00', 'Manchado', '', NULL, '8.00', 0),
(219, 5, 1, 'PANTALON', 1, '10.00', 'Manchado', '', NULL, '10.00', 0),
(220, 2, 1, 'SACO', 1, '12.00', 'Manchado', '', NULL, '12.00', 0),
(220, 5, 1, 'PANTALON', 1, '10.00', 'Manchado', '', NULL, '10.00', 0),
(221, 5, 1, 'OFERTA 6 PRENDAS X  S/.41.90', 1, '41.90', 'Manchado', '', NULL, '41.90', 0),
(222, 61, 1, 'BLUSAS', 2, '8.00', 'Manchado', '', NULL, '16.00', 0),
(222, 7, 1, 'FALDA', 2, '10.00', 'Manchado', '', NULL, '20.00', 0),
(223, 39, 1, 'VESTIDO SIMPLE', 1, '20.00', 'Manchado', '', NULL, '20.00', 0),
(224, 5, 1, 'PANTALON', 1, '10.00', 'Manchado', '', NULL, '10.00', 0),
(225, 5, 1, 'OFERTA 6 PRENDAS X  S/.41.90', 1, '41.90', 'Manchado', '', NULL, '41.90', 0),
(226, 4, 1, 'CAMISA', 3, '8.00', 'Manchado', '', NULL, '24.00', 0),
(227, 5, 1, 'PANTALON', 1, '10.00', 'Manchado', '', NULL, '10.00', 0),
(228, 52, 1, 'ALMOHADAS', 2, '12.00', 'Manchado', '', NULL, '24.00', 0),
(229, 5, 1, 'PANTALON', 1, '10.00', 'Manchado', '', NULL, '10.00', 0),
(230, 5, 1, 'PANTALON', 1, '10.00', 'Manchado', '', NULL, '10.00', 0),
(231, 35, 1, 'CHALECO 16', 1, '16.00', 'Manchado', '', NULL, '16.00', 0),
(232, 4, 1, 'CAMISA', 4, '8.00', 'Manchado', '', NULL, '32.00', 0),
(234, 1, 1, 'TERNO', 1, '22.00', 'Manchado', '', NULL, '22.00', 0),
(234, 7, 1, 'FALDA', 1, '10.00', 'Manchado', '', NULL, '10.00', 0),
(235, 1, 1, 'TERNO', 1, '22.00', 'Manchado', '', NULL, '22.00', 0),
(235, 3, 1, 'CORBATA', 1, '6.00', 'Manchado', '', NULL, '6.00', 0),
(236, 4, 1, 'CAMISA', 1, '8.00', 'Manchado', '', NULL, '8.00', 0),
(237, 5, 1, 'PANTALON', 3, '10.00', 'Manchado', '', NULL, '30.00', 0),
(237, 7, 1, 'FALDA', 2, '10.00', 'Manchado', '', NULL, '20.00', 0),
(238, 62, 1, 'POLO', 1, '8.00', 'Manchado', '', NULL, '8.00', 0),
(238, 61, 1, 'BLUSAS', 4, '8.00', 'Manchado', '', NULL, '32.00', 0),
(239, 2, 1, 'SACO', 1, '12.00', 'Manchado', '', NULL, '12.00', 0),
(239, 5, 1, 'PANTALON', 2, '10.00', 'Manchado', '', NULL, '20.00', 0),
(240, 1, 1, 'TERNO', 1, '22.00', 'Manchado', '', NULL, '22.00', 0),
(241, 61, 1, 'BLUSAS', 1, '8.00', 'Manchado', '', NULL, '8.00', 0),
(242, 4, 1, 'CAMISA', 2, '8.00', 'Manchado', '', NULL, '16.00', 0),
(243, 3, 1, 'CORBATA', 1, '6.00', 'Manchado', '', NULL, '6.00', 0),
(244, 5, 1, 'PANTALON', 3, '10.00', 'Manchado', '', NULL, '30.00', 0),
(244, 61, 1, 'BLUSAS', 3, '8.00', 'Manchado', '', NULL, '24.00', 0),
(244, 62, 1, 'POLO', 3, '8.00', 'Manchado', '', NULL, '24.00', 0),
(244, 30, 1, 'CHOMPA', 1, '10.00', 'Manchado', '', NULL, '10.00', 0),
(245, 5, 1, 'PANTALON', 1, '10.00', 'Manchado', '', NULL, '10.00', 0),
(246, 45, 1, 'EDREDON 35', 1, '35.00', 'Manchado', '', NULL, '35.00', 0),
(247, 6, 1, 'SHORT', 1, '10.00', 'Manchado', '', NULL, '10.00', 0),
(248, 44, 1, 'EDREDON 30', 1, '30.00', 'Manchado', '', NULL, '30.00', 0),
(249, 1, 1, 'TERNO', 1, '22.00', 'Manchado', '', NULL, '22.00', 0),
(250, 4, 1, 'CAMISA', 4, '8.00', 'Manchado', '', NULL, '32.00', 0),
(251, 39, 1, 'VESTIDO SIMPLE', 1, '20.00', 'Manchado', '', NULL, '20.00', 0),
(251, 5, 1, 'PANTALON', 1, '10.00', 'Manchado', '', NULL, '10.00', 0);

-- --------------------------------------------------------

--
-- Estructura de tabla para la tabla `Pago`
--

CREATE TABLE IF NOT EXISTS `Pago` (
  `idPago` int(11) NOT NULL AUTO_INCREMENT,
  `idOrden` int(11) DEFAULT NULL,
  `pago1` decimal(10,2) DEFAULT NULL,
  `pago2` decimal(10,2) DEFAULT NULL,
  `pagoTotal` decimal(10,2) DEFAULT NULL,
  `tipoPago` int(11) DEFAULT NULL COMMENT '1= total 2=parcial',
  `tipoPago1` int(11) DEFAULT '0' COMMENT '1=visa =0efectivo',
  `tipoPago2` int(11) DEFAULT '0' COMMENT '1=visa 0 efectivo',
  `tipoDocumento` int(11) DEFAULT NULL COMMENT '0= Boleta 1= Factura',
  `igv` decimal(10,2) DEFAULT NULL COMMENT 'igv',
  `Estado` int(11) DEFAULT NULL COMMENT '0=en tienda 1=entregado',
  `fechaPago` datetime DEFAULT NULL,
  `fechaActualizado` datetime DEFAULT NULL,
  `tipo_comprobante` int(11) DEFAULT NULL COMMENT '1=boleta 2=factura',
  `Observacion` varchar(200) DEFAULT NULL,
  PRIMARY KEY (`idPago`),
  KEY `idPago` (`idPago`)
) ENGINE=MyISAM  DEFAULT CHARSET=latin1 AUTO_INCREMENT=254 ;

--
-- Volcado de datos para la tabla `Pago`
--

INSERT INTO `Pago` (`idPago`, `idOrden`, `pago1`, `pago2`, `pagoTotal`, `tipoPago`, `tipoPago1`, `tipoPago2`, `tipoDocumento`, `igv`, `Estado`, `fechaPago`, `fechaActualizado`, `tipo_comprobante`, `Observacion`) VALUES
(1, 1, '30.00', '0.00', '30.00', 1, 0, 0, 0, '0.00', 0, '2017-03-11 10:45:42', '2017-03-11 10:45:42', NULL, NULL),
(2, 2, '14.00', '14.00', '28.00', 2, 0, 0, 0, '0.00', 0, '2017-03-11 10:54:46', '2017-03-11 10:54:46', NULL, NULL),
(3, 3, '25.00', '15.50', '40.50', 2, 0, 0, 0, '0.00', 1, '2017-03-11 10:58:55', '2017-03-11 10:59:27', NULL, NULL),
(4, 4, '15.00', '36.00', '51.00', 2, 0, 0, 0, '0.00', 0, '2017-03-11 11:12:37', '2017-03-11 11:12:37', NULL, NULL),
(5, 5, '50.00', '15.90', '65.90', 2, 0, 0, 0, '0.00', 1, '2017-03-11 11:27:57', '2017-03-11 11:32:31', NULL, NULL),
(6, 6, '10.00', '12.00', '22.00', 2, 0, 0, 0, '0.00', 0, '2017-03-11 12:05:15', '2017-03-11 12:05:15', NULL, NULL),
(7, 7, '66.00', '0.00', '66.00', 1, 0, 0, 0, '0.00', 1, '2017-03-11 12:41:40', '2017-03-11 12:43:19', NULL, NULL),
(8, 8, '48.00', '0.00', '48.00', 1, 0, 0, 0, '0.00', 0, '2017-03-11 12:53:29', '2017-03-11 12:53:29', NULL, NULL),
(9, 9, '0.00', '32.00', '32.00', 2, 0, 0, 0, '0.00', 0, '2017-03-11 12:56:03', '2017-03-11 12:56:03', NULL, NULL),
(10, 10, '15.30', '0.00', '15.30', 1, 0, 0, 0, '0.00', 1, '2017-03-11 01:02:44', '2017-03-11 13:04:03', NULL, NULL),
(11, 11, '30.00', '0.00', '30.00', 1, 0, 0, 0, '0.00', 0, '2017-03-11 04:22:02', '2017-03-11 04:22:02', NULL, NULL),
(12, 12, '30.00', '0.00', '30.00', 1, 0, 0, 0, '0.00', 0, '2017-03-11 04:28:44', '2017-03-11 04:28:44', NULL, NULL),
(13, 13, '14.40', '0.00', '14.40', 1, 0, 0, 0, '0.00', 0, '2017-03-11 04:37:18', '2017-03-11 04:37:18', NULL, NULL),
(14, 14, '10.00', '0.00', '10.00', 1, 0, 0, 0, '0.00', 0, '2017-03-11 05:33:21', '2017-03-11 05:33:21', NULL, NULL),
(15, 15, '8.00', '0.00', '8.00', 1, 0, 0, 0, '0.00', 1, '2017-03-13 09:43:22', '2017-03-13 18:16:48', NULL, NULL),
(16, 16, '22.50', '0.00', '22.50', 1, 0, 0, 0, '0.00', 0, '2017-03-13 10:26:31', '2017-03-13 10:26:31', NULL, NULL),
(17, 17, '32.00', '0.00', '32.00', 1, 0, 0, 0, '0.00', 0, '2017-03-13 10:41:01', '2017-03-13 10:41:01', NULL, NULL),
(18, 18, '9.00', '0.00', '9.00', 1, 0, 0, 0, '0.00', 0, '2017-03-13 10:46:56', '2017-03-13 10:46:56', NULL, NULL),
(19, 19, '0.00', '17.55', '17.55', 2, 0, 0, 0, '0.00', 0, '2017-03-13 10:55:50', '2017-03-13 10:55:50', NULL, NULL),
(20, 20, '0.00', '45.00', '45.00', 2, 0, 0, 0, '0.00', 0, '2017-03-13 11:03:55', '2017-03-13 11:03:55', NULL, NULL),
(21, 21, '20.00', '40.00', '60.00', 2, 0, 0, 0, '0.00', 0, '2017-03-13 01:03:09', '2017-03-13 01:03:09', NULL, NULL),
(22, 22, '0.00', '20.00', '20.00', 2, 0, 0, 0, '0.00', 0, '2017-03-13 01:11:28', '2017-03-13 01:11:28', NULL, NULL),
(23, 23, '0.00', '22.00', '22.00', 2, 0, 0, 0, '0.00', 0, '2017-03-13 03:57:59', '2017-03-13 03:57:59', NULL, NULL),
(24, 24, '0.00', '10.00', '10.00', 2, 0, 0, 0, '0.00', 0, '2017-03-13 04:10:31', '2017-03-13 04:10:31', NULL, NULL),
(25, 25, '41.90', '0.00', '41.90', 1, 0, 0, 0, '0.00', 0, '2017-03-13 04:32:23', '2017-03-13 04:32:23', NULL, NULL),
(26, 26, '16.20', '0.00', '16.20', 1, 0, 0, 0, '0.00', 0, '2017-03-13 05:58:45', '2017-03-13 05:58:45', NULL, NULL),
(27, 27, '15.30', '0.00', '15.30', 1, 0, 0, 0, '0.00', 0, '2017-03-13 05:59:31', '2017-03-13 05:59:31', NULL, NULL),
(28, 28, '0.00', '9.00', '9.00', 2, 0, 0, 0, '0.00', 0, '2017-03-13 06:00:48', '2017-03-13 06:00:48', NULL, NULL),
(29, 29, '9.00', '0.00', '9.00', 1, 0, 0, 0, '0.00', 0, '2017-03-13 06:02:03', '2017-03-13 06:02:03', NULL, NULL),
(30, 30, '18.00', '0.00', '18.00', 1, 0, 0, 0, '0.00', 0, '2017-03-13 06:04:20', '2017-03-13 06:04:20', NULL, NULL),
(31, 31, '40.00', '0.00', '40.00', 1, 0, 0, 0, '0.00', 0, '2017-03-13 06:07:56', '2017-03-13 06:07:56', NULL, NULL),
(32, 32, '0.00', '18.90', '18.90', 2, 0, 0, 0, '0.00', 0, '2017-03-13 06:17:53', '2017-03-13 06:17:53', NULL, NULL),
(33, 33, '27.00', '0.00', '27.00', 1, 0, 0, 0, '0.00', 0, '2017-03-13 06:20:25', '2017-03-13 06:20:25', NULL, NULL),
(34, 34, '18.90', '0.00', '18.90', 1, 0, 0, 0, '0.00', 0, '2017-03-13 06:27:03', '2017-03-13 06:27:03', NULL, NULL),
(35, 35, '0.00', '10.00', '10.00', 2, 0, 0, 0, '0.00', 0, '2017-03-13 06:28:01', '2017-03-13 06:28:01', NULL, NULL),
(36, 36, '0.00', '10.00', '10.00', 2, 0, 0, 0, '0.00', 0, '2017-03-13 06:34:34', '2017-03-13 06:34:34', NULL, NULL),
(37, 37, '60.00', '0.00', '60.00', 1, 0, 0, 0, '0.00', 0, '2017-03-13 06:39:28', '2017-03-13 06:39:28', NULL, NULL),
(38, 38, '15.00', '15.00', '30.00', 2, 0, 0, 0, '0.00', 0, '2017-03-14 12:11:57', '2017-03-14 12:11:57', NULL, NULL),
(39, 39, '10.00', '0.00', '10.00', 1, 0, 0, 0, '0.00', 0, '2017-03-14 12:22:38', '2017-03-14 12:22:38', NULL, NULL),
(40, 40, '152.00', '0.00', '152.00', 1, 0, 0, 0, '0.00', 0, '2017-03-14 12:32:43', '2017-03-14 12:32:43', NULL, NULL),
(41, 41, '120.00', '0.00', '120.00', 1, 0, 0, 0, '0.00', 0, '2017-03-14 12:49:14', '2017-03-14 12:49:14', NULL, NULL),
(42, 42, '8.00', '0.00', '8.00', 1, 0, 0, 0, '0.00', 0, '2017-03-14 12:52:33', '2017-03-14 12:52:33', NULL, NULL),
(43, 43, '30.00', '0.00', '30.00', 1, 0, 0, 0, '0.00', 0, '2017-03-14 12:53:58', '2017-03-14 12:53:58', NULL, NULL),
(44, 44, '16.00', '0.00', '16.00', 1, 0, 0, 0, '0.00', 0, '2017-03-14 01:00:04', '2017-03-14 01:00:04', NULL, NULL),
(45, 45, '44.00', '0.00', '44.00', 1, 0, 0, 0, '0.00', 0, '2017-03-14 01:02:44', '2017-03-14 01:02:44', NULL, NULL),
(46, 46, '50.00', '0.00', '50.00', 1, 0, 0, 0, '0.00', 0, '2017-03-14 01:14:28', '2017-03-14 01:14:28', NULL, NULL),
(47, 47, '0.00', '8.00', '8.00', 2, 0, 0, 0, '0.00', 0, '2017-03-14 01:16:58', '2017-03-14 01:16:58', NULL, NULL),
(48, 48, '12.00', '0.00', '12.00', 1, 0, 0, 0, '0.00', 0, '2017-03-14 01:18:55', '2017-03-14 01:18:55', NULL, NULL),
(49, 49, '24.00', '0.00', '24.00', 1, 0, 0, 0, '0.00', 0, '2017-03-14 01:20:58', '2017-03-14 01:20:58', NULL, NULL),
(50, 50, '5.00', '5.00', '10.00', 2, 0, 0, 0, '0.00', 0, '2017-03-14 01:22:45', '2017-03-14 01:22:45', NULL, NULL),
(51, 51, '30.00', '0.00', '30.00', 1, 0, 0, 0, '0.00', 0, '2017-03-14 02:57:18', '2017-03-14 02:57:18', NULL, NULL),
(52, 52, '35.00', '0.00', '35.00', 1, 0, 0, 0, '0.00', 0, '2017-03-14 03:00:08', '2017-03-14 03:00:08', NULL, NULL),
(53, 53, '5.00', '5.00', '10.00', 2, 0, 0, 0, '0.00', 0, '2017-03-14 03:02:33', '2017-03-14 03:02:33', NULL, NULL),
(54, 54, '105.00', '0.00', '105.00', 1, 0, 0, 0, '0.00', 0, '2017-03-14 03:11:14', '2017-03-14 03:11:14', NULL, NULL),
(55, 55, '0.00', '64.00', '64.00', 2, 0, 0, 0, '0.00', 0, '2017-03-14 03:13:34', '2017-03-14 03:13:34', NULL, NULL),
(56, 56, '10.00', '0.00', '10.00', 1, 0, 0, 0, '0.00', 0, '2017-03-14 03:16:01', '2017-03-14 03:16:01', NULL, NULL),
(57, 57, '10.00', '0.00', '10.00', 1, 0, 0, 0, '0.00', 0, '2017-03-14 03:18:37', '2017-03-14 03:18:37', NULL, NULL),
(58, 58, '0.00', '18.00', '18.00', 2, 0, 0, 0, '0.00', 0, '2017-03-14 03:21:55', '2017-03-14 03:21:55', NULL, NULL),
(59, 59, '22.00', '0.00', '22.00', 1, 0, 0, 0, '0.00', 0, '2017-03-14 03:32:51', '2017-03-14 03:32:51', NULL, NULL),
(60, 60, '26.00', '0.00', '26.00', 1, 0, 0, 0, '0.00', 0, '2017-03-14 03:41:46', '2017-03-14 03:41:46', NULL, NULL),
(61, 61, '26.00', '0.00', '26.00', 1, 0, 0, 0, '0.00', 0, '2017-03-14 04:04:59', '2017-03-14 04:04:59', NULL, NULL),
(62, 62, '10.80', '0.00', '10.80', 1, 0, 0, 0, '0.00', 0, '2017-03-14 04:36:40', '2017-03-14 04:36:40', NULL, NULL),
(63, 63, '0.00', '12.00', '12.00', 2, 0, 0, 0, '0.00', 0, '2017-03-14 04:47:24', '2017-03-14 04:47:24', NULL, NULL),
(64, 64, '9.00', '0.00', '9.00', 1, 0, 0, 0, '0.00', 0, '2017-03-14 04:47:35', '2017-03-14 04:47:35', NULL, NULL),
(65, 65, '0.00', '29.70', '29.70', 2, 0, 0, 0, '0.00', 0, '2017-03-14 04:50:56', '2017-03-14 04:50:56', NULL, NULL),
(66, 66, '0.00', '8.00', '8.00', 2, 0, 0, 0, '0.00', 0, '2017-03-14 04:52:00', '2017-03-14 04:52:00', NULL, NULL),
(67, 67, '9.90', '0.00', '9.90', 1, 0, 0, 0, '0.00', 0, '2017-03-14 04:55:21', '2017-03-14 04:55:21', NULL, NULL),
(68, 68, '18.00', '0.00', '18.00', 1, 0, 0, 0, '0.00', 0, '2017-03-14 04:58:16', '2017-03-14 04:58:16', NULL, NULL),
(69, 69, '0.00', '9.00', '9.00', 2, 0, 0, 0, '0.00', 0, '2017-03-14 04:59:30', '2017-03-14 04:59:30', NULL, NULL),
(70, 70, '8.00', '0.00', '8.00', 1, 0, 0, 0, '0.00', 0, '2017-03-14 05:15:29', '2017-03-14 05:15:29', NULL, NULL),
(71, 71, '15.00', '15.00', '30.00', 2, 0, 0, 0, '0.00', 0, '2017-03-14 05:17:42', '2017-03-14 05:17:42', NULL, NULL),
(72, 72, '34.00', '0.00', '34.00', 1, 0, 0, 0, '0.00', 0, '2017-03-14 05:21:23', '2017-03-14 05:21:23', NULL, NULL),
(73, 73, '10.00', '0.00', '10.00', 1, 0, 0, 0, '0.00', 0, '2017-03-14 05:25:49', '2017-03-14 05:25:49', NULL, NULL),
(74, 74, '7.50', '32.50', '40.00', 2, 0, 0, 0, '0.00', 0, '2017-03-14 05:32:11', '2017-03-14 05:32:11', NULL, NULL),
(75, 75, '45.00', '0.00', '45.00', 1, 0, 0, 0, '0.00', 0, '2017-03-14 05:33:19', '2017-03-14 05:33:19', NULL, NULL),
(76, 76, '0.00', '35.00', '35.00', 2, 0, 0, 0, '0.00', 0, '2017-03-14 05:36:45', '2017-03-14 05:36:45', NULL, NULL),
(77, 77, '22.00', '0.00', '22.00', 1, 0, 0, 0, '0.00', 0, '2017-03-14 05:39:13', '2017-03-14 05:39:13', NULL, NULL),
(78, 78, '8.00', '0.00', '8.00', 1, 0, 0, 0, '0.00', 0, '2017-03-14 05:40:43', '2017-03-14 05:40:43', NULL, NULL),
(79, 79, '20.00', '25.00', '45.00', 2, 0, 0, 0, '0.00', 0, '2017-03-14 05:45:35', '2017-03-14 05:45:35', NULL, NULL),
(80, 80, '0.00', '28.00', '28.00', 2, 0, 0, 0, '0.00', 0, '2017-03-14 05:48:26', '2017-03-14 05:48:26', NULL, NULL),
(81, 81, '6.00', '6.00', '12.00', 2, 0, 0, 0, '0.00', 0, '2017-03-14 05:51:32', '2017-03-14 05:51:32', NULL, NULL),
(82, 82, '0.00', '28.00', '28.00', 2, 0, 0, 0, '0.00', 0, '2017-03-14 05:55:55', '2017-03-14 05:55:55', NULL, NULL),
(83, 83, '0.00', '32.00', '32.00', 2, 0, 0, 0, '0.00', 0, '2017-03-14 05:57:12', '2017-03-14 05:57:12', NULL, NULL),
(84, 84, '10.00', '0.00', '10.00', 1, 0, 0, 0, '0.00', 0, '2017-03-14 06:02:31', '2017-03-14 06:02:31', NULL, NULL),
(85, 85, '8.00', '0.00', '8.00', 1, 0, 0, 0, '0.00', 0, '2017-03-14 06:05:44', '2017-03-14 06:05:44', NULL, NULL),
(86, 86, '0.00', '65.00', '65.00', 2, 0, 0, 0, '0.00', 0, '2017-03-14 06:06:32', '2017-03-14 06:06:32', NULL, NULL),
(87, 87, '32.00', '0.00', '32.00', 1, 0, 0, 0, '0.00', 0, '2017-03-14 06:09:15', '2017-03-14 06:09:15', NULL, NULL),
(88, 88, '0.00', '40.00', '40.00', 2, 0, 0, 0, '0.00', 0, '2017-03-14 06:09:52', '2017-03-14 06:09:52', NULL, NULL),
(89, 89, '0.00', '22.00', '22.00', 2, 0, 0, 0, '0.00', 0, '2017-03-14 06:12:29', '2017-03-14 06:12:29', NULL, NULL),
(90, 90, '0.00', '8.00', '8.00', 2, 0, 0, 0, '0.00', 0, '2017-03-14 06:14:04', '2017-03-14 06:14:04', NULL, NULL),
(91, 91, '0.00', '65.00', '65.00', 2, 0, 0, 0, '0.00', 0, '2017-03-14 06:18:53', '2017-03-14 06:18:53', NULL, NULL),
(92, 92, '40.00', '0.00', '40.00', 1, 0, 0, 0, '0.00', 0, '2017-03-14 06:20:56', '2017-03-14 06:20:56', NULL, NULL),
(93, 93, '60.00', '0.00', '60.00', 1, 0, 0, 0, '0.00', 0, '2017-03-14 07:06:52', '2017-03-14 07:06:52', NULL, NULL),
(94, 94, '64.00', '0.00', '64.00', 1, 0, 0, 0, '0.00', 0, '2017-03-14 07:15:11', '2017-03-14 07:15:11', NULL, NULL),
(95, 95, '0.00', '12.00', '12.00', 2, 0, 0, 0, '0.00', 0, '2017-03-15 04:49:44', '2017-03-15 04:49:44', NULL, NULL),
(96, 96, '16.00', '0.00', '16.00', 1, 0, 0, 0, '0.00', 0, '2017-03-15 04:51:12', '2017-03-15 04:51:12', NULL, NULL),
(97, 97, '50.00', '0.00', '50.00', 1, 0, 0, 0, '0.00', 0, '2017-03-15 04:55:45', '2017-03-15 04:55:45', NULL, NULL),
(98, 98, '15.00', '15.00', '30.00', 2, 0, 0, 0, '0.00', 0, '2017-03-15 05:11:39', '2017-03-15 05:11:39', NULL, NULL),
(99, 99, '34.20', '0.00', '34.20', 1, 0, 0, 0, '0.00', 0, '2017-03-15 05:14:33', '2017-03-15 05:14:33', NULL, NULL),
(100, 100, '0.00', '20.00', '20.00', 2, 0, 0, 0, '0.00', 0, '2017-03-15 05:22:22', '2017-03-15 05:22:22', NULL, NULL),
(101, 101, '8.00', '40.00', '48.00', 2, 0, 0, 0, '0.00', 0, '2017-03-15 06:39:11', '2017-03-15 06:39:11', NULL, NULL),
(102, 102, '12.00', '0.00', '12.00', 1, 0, 0, 0, '0.00', 0, '2017-03-16 02:30:42', '2017-03-16 02:30:42', NULL, NULL),
(103, 103, '79.90', '0.00', '79.90', 1, 0, 0, 0, '0.00', 0, '2017-03-16 02:36:03', '2017-03-16 02:36:03', NULL, NULL),
(104, 104, '0.00', '22.00', '22.00', 2, 0, 0, 0, '0.00', 0, '2017-03-16 02:37:01', '2017-03-16 02:37:01', NULL, NULL),
(105, 105, '56.00', '0.00', '56.00', 1, 0, 0, 0, '0.00', 0, '2017-03-16 02:40:45', '2017-03-16 02:40:45', NULL, NULL),
(106, 106, '32.00', '0.00', '32.00', 1, 0, 0, 0, '0.00', 0, '2017-03-16 02:42:39', '2017-03-16 02:42:39', NULL, NULL),
(107, 107, '0.00', '10.00', '10.00', 2, 0, 0, 0, '0.00', 0, '2017-03-16 02:43:49', '2017-03-16 02:43:49', NULL, NULL),
(108, 108, '10.00', '0.00', '10.00', 1, 0, 0, 0, '0.00', 0, '2017-03-16 02:45:11', '2017-03-16 02:45:11', NULL, NULL),
(109, 109, '22.00', '0.00', '22.00', 1, 0, 0, 0, '0.00', 0, '2017-03-16 02:46:47', '2017-03-16 02:46:47', NULL, NULL),
(110, 110, '8.00', '0.00', '8.00', 1, 0, 0, 0, '0.00', 0, '2017-03-16 02:48:22', '2017-03-16 02:48:22', NULL, NULL),
(111, 111, '0.00', '20.00', '20.00', 2, 0, 0, 0, '0.00', 0, '2017-03-16 02:50:34', '2017-03-16 02:50:34', NULL, NULL),
(112, 112, '16.00', '0.00', '16.00', 1, 0, 0, 0, '0.00', 0, '2017-03-16 02:56:54', '2017-03-16 02:56:54', NULL, NULL),
(113, 113, '40.00', '0.00', '40.00', 1, 0, 0, 0, '0.00', 0, '2017-03-16 02:58:45', '2017-03-16 02:58:45', NULL, NULL),
(114, 114, '36.00', '0.00', '36.00', 1, 0, 0, 0, '0.00', 0, '2017-03-16 03:00:24', '2017-03-16 03:00:24', NULL, NULL),
(115, 115, '0.00', '8.00', '8.00', 2, 0, 0, 0, '0.00', 0, '2017-03-16 03:03:09', '2017-03-16 03:03:09', NULL, NULL),
(116, 116, '60.00', '0.00', '60.00', 1, 0, 0, 0, '0.00', 0, '2017-03-16 03:06:07', '2017-03-16 03:06:07', NULL, NULL),
(117, 117, '20.00', '0.00', '20.00', 1, 0, 0, 0, '0.00', 0, '2017-03-16 03:07:53', '2017-03-16 03:07:53', NULL, NULL),
(118, 118, '0.00', '18.00', '18.00', 2, 0, 0, 0, '0.00', 0, '2017-03-16 03:09:40', '2017-03-16 03:09:40', NULL, NULL),
(119, 119, '10.00', '0.00', '10.00', 1, 0, 0, 0, '0.00', 0, '2017-03-16 03:12:49', '2017-03-16 03:12:49', NULL, NULL),
(120, 120, '10.00', '0.00', '10.00', 1, 0, 0, 0, '0.00', 0, '2017-03-16 03:14:01', '2017-03-16 03:14:01', NULL, NULL),
(121, 121, '0.00', '8.00', '8.00', 2, 0, 0, 0, '0.00', 0, '2017-03-16 03:15:51', '2017-03-16 03:15:51', NULL, NULL),
(122, 122, '10.00', '2.00', '12.00', 2, 0, 0, 0, '0.00', 0, '2017-03-16 03:17:23', '2017-03-16 03:17:23', NULL, NULL),
(123, 123, '0.00', '10.00', '10.00', 2, 0, 0, 0, '0.00', 0, '2017-03-16 03:38:06', '2017-03-16 03:38:06', NULL, NULL),
(124, 124, '48.00', '0.00', '48.00', 1, 0, 0, 0, '0.00', 0, '2017-03-16 03:40:28', '2017-03-16 03:40:28', NULL, NULL),
(125, 125, '36.00', '0.00', '36.00', 1, 0, 0, 0, '0.00', 0, '2017-03-16 03:47:06', '2017-03-16 03:47:06', NULL, NULL),
(126, 126, '0.00', '22.00', '22.00', 2, 0, 0, 0, '0.00', 0, '2017-03-16 03:49:17', '2017-03-16 03:49:17', NULL, NULL),
(127, 127, '0.00', '8.00', '8.00', 2, 0, 0, 0, '0.00', 0, '2017-03-16 04:00:03', '2017-03-16 04:00:03', NULL, NULL),
(128, 128, '30.00', '30.00', '60.00', 2, 0, 0, 0, '0.00', 0, '2017-03-16 04:01:53', '2017-03-16 04:01:53', NULL, NULL),
(129, 129, '10.00', '0.00', '10.00', 1, 0, 0, 0, '0.00', 0, '2017-03-16 04:02:56', '2017-03-16 04:02:56', NULL, NULL),
(130, 130, '0.00', '18.00', '18.00', 2, 0, 0, 0, '0.00', 0, '2017-03-16 04:04:53', '2017-03-16 04:04:53', NULL, NULL),
(131, 131, '0.00', '8.00', '8.00', 2, 0, 0, 0, '0.00', 0, '2017-03-16 04:06:23', '2017-03-16 04:06:23', NULL, NULL),
(132, 132, '0.00', '16.00', '16.00', 2, 0, 0, 0, '0.00', 0, '2017-03-16 04:09:02', '2017-03-16 04:09:02', NULL, NULL),
(133, 133, '10.00', '20.00', '30.00', 2, 0, 0, 0, '0.00', 0, '2017-03-16 04:12:12', '2017-03-16 04:12:12', NULL, NULL),
(134, 134, '0.00', '8.00', '8.00', 2, 0, 0, 0, '0.00', 0, '2017-03-16 04:13:03', '2017-03-16 04:13:03', NULL, NULL),
(135, 135, '41.90', '0.00', '41.90', 1, 0, 0, 0, '0.00', 0, '2017-03-16 04:14:05', '2017-03-16 04:14:05', NULL, NULL),
(136, 136, '0.00', '8.00', '8.00', 2, 0, 0, 0, '0.00', 0, '2017-03-16 04:15:24', '2017-03-16 04:15:24', NULL, NULL),
(137, 137, '22.00', '0.00', '22.00', 1, 0, 0, 0, '0.00', 0, '2017-03-16 04:17:32', '2017-03-16 04:17:32', NULL, NULL),
(138, 138, '44.00', '0.00', '44.00', 1, 0, 0, 0, '0.00', 0, '2017-03-16 04:20:04', '2017-03-16 04:20:04', NULL, NULL),
(139, 139, '0.00', '16.00', '16.00', 2, 0, 0, 0, '0.00', 0, '2017-03-16 04:22:42', '2017-03-16 04:22:42', NULL, NULL),
(140, 140, '8.00', '0.00', '8.00', 1, 0, 0, 0, '0.00', 0, '2017-03-16 04:24:04', '2017-03-16 04:24:04', NULL, NULL),
(141, 141, '10.00', '0.00', '10.00', 1, 0, 0, 0, '0.00', 0, '2017-03-16 04:25:39', '2017-03-16 04:25:39', NULL, NULL),
(142, 142, '20.00', '10.00', '30.00', 2, 0, 0, 0, '0.00', 0, '2017-03-16 04:27:44', '2017-03-16 04:27:44', NULL, NULL),
(143, 143, '5.00', '5.00', '10.00', 2, 0, 0, 0, '0.00', 0, '2017-03-16 04:28:49', '2017-03-16 04:28:49', NULL, NULL),
(144, 144, '18.00', '0.00', '18.00', 1, 0, 0, 0, '0.00', 0, '2017-03-16 04:30:38', '2017-03-16 04:30:38', NULL, NULL),
(145, 145, '0.00', '10.00', '10.00', 2, 0, 0, 0, '0.00', 0, '2017-03-16 04:32:10', '2017-03-16 04:32:10', NULL, NULL),
(146, 146, '0.00', '40.00', '40.00', 2, 0, 0, 0, '0.00', 0, '2017-03-16 04:53:13', '2017-03-16 04:53:13', NULL, NULL),
(147, 147, '52.00', '0.00', '52.00', 1, 0, 0, 0, '0.00', 0, '2017-03-16 04:56:02', '2017-03-16 04:56:02', NULL, NULL),
(148, 148, '50.00', '0.00', '50.00', 1, 0, 0, 0, '0.00', 0, '2017-03-16 04:59:16', '2017-03-16 04:59:16', NULL, NULL),
(149, 149, '0.00', '22.00', '22.00', 2, 0, 0, 0, '0.00', 0, '2017-03-16 05:03:03', '2017-03-16 05:03:03', NULL, NULL),
(150, 150, '0.00', '18.00', '18.00', 2, 0, 0, 0, '0.00', 0, '2017-03-16 05:05:32', '2017-03-16 05:05:32', NULL, NULL),
(151, 151, '72.00', '0.00', '72.00', 1, 0, 0, 0, '0.00', 0, '2017-03-16 05:08:05', '2017-03-16 05:08:05', NULL, NULL),
(152, 152, '0.00', '24.00', '24.00', 2, 0, 0, 0, '0.00', 0, '2017-03-16 05:09:32', '2017-03-16 05:09:32', NULL, NULL),
(153, 153, '30.00', '63.00', '93.00', 2, 0, 0, 0, '0.00', 0, '2017-03-16 05:15:07', '2017-03-16 05:15:07', NULL, NULL),
(154, 154, '0.00', '30.00', '30.00', 2, 0, 0, 0, '0.00', 0, '2017-03-16 05:17:02', '2017-03-16 05:17:02', NULL, NULL),
(155, 155, '22.00', '0.00', '22.00', 1, 0, 0, 0, '0.00', 0, '2017-03-16 05:24:22', '2017-03-16 05:24:22', NULL, NULL),
(156, 156, '60.00', '0.00', '60.00', 1, 0, 0, 0, '0.00', 0, '2017-03-16 05:28:16', '2017-03-16 05:28:16', NULL, NULL),
(157, 157, '8.00', '0.00', '8.00', 1, 0, 0, 0, '0.00', 0, '2017-03-16 05:31:18', '2017-03-16 05:31:18', NULL, NULL),
(158, 158, '0.00', '8.00', '8.00', 2, 0, 0, 0, '0.00', 0, '2017-03-16 05:32:25', '2017-03-16 05:32:25', NULL, NULL),
(159, 159, '0.00', '16.00', '16.00', 2, 0, 0, 0, '0.00', 0, '2017-03-16 05:33:31', '2017-03-16 05:33:31', NULL, NULL),
(160, 160, '90.00', '0.00', '90.00', 1, 0, 0, 0, '0.00', 0, '2017-03-16 05:35:06', '2017-03-16 05:35:06', NULL, NULL),
(161, 161, '41.90', '0.00', '41.90', 1, 0, 0, 0, '0.00', 0, '2017-03-16 05:37:25', '2017-03-16 05:37:25', NULL, NULL),
(162, 162, '20.00', '0.00', '20.00', 1, 0, 0, 0, '0.00', 0, '2017-03-16 05:38:13', '2017-03-16 05:38:13', NULL, NULL),
(163, 163, '0.00', '68.00', '68.00', 2, 0, 0, 0, '0.00', 0, '2017-03-16 05:40:11', '2017-03-16 05:40:11', NULL, NULL),
(164, 164, '0.00', '56.00', '56.00', 2, 0, 0, 0, '0.00', 0, '2017-03-16 05:41:24', '2017-03-16 05:41:24', NULL, NULL),
(165, 165, '0.00', '56.00', '56.00', 2, 0, 0, 0, '0.00', 0, '2017-03-16 05:42:49', '2017-03-16 05:42:49', NULL, NULL),
(166, 166, '0.00', '40.00', '40.00', 2, 0, 0, 0, '0.00', 0, '2017-03-16 05:43:42', '2017-03-16 05:43:42', NULL, NULL),
(167, 167, '22.00', '0.00', '22.00', 1, 0, 0, 0, '0.00', 0, '2017-03-16 05:46:35', '2017-03-16 05:46:35', NULL, NULL),
(168, 168, '26.00', '0.00', '26.00', 1, 0, 0, 0, '0.00', 0, '2017-03-16 05:47:57', '2017-03-16 05:47:57', NULL, NULL),
(169, 169, '0.00', '20.00', '20.00', 2, 0, 0, 0, '0.00', 0, '2017-03-16 06:10:39', '2017-03-16 06:10:39', NULL, NULL),
(170, 170, '0.00', '16.00', '16.00', 2, 0, 0, 0, '0.00', 0, '2017-03-16 06:24:12', '2017-03-16 06:24:12', NULL, NULL),
(171, 171, '22.00', '0.00', '22.00', 1, 0, 0, 0, '0.00', 0, '2017-03-16 06:25:50', '2017-03-16 06:25:50', NULL, NULL),
(172, 172, '22.00', '0.00', '22.00', 1, 0, 0, 0, '0.00', 0, '2017-03-16 06:28:02', '2017-03-16 06:28:02', NULL, NULL),
(173, 173, '10.00', '14.00', '24.00', 2, 0, 0, 0, '0.00', 0, '2017-03-16 06:29:17', '2017-03-16 06:29:17', NULL, NULL),
(174, 174, '16.00', '0.00', '16.00', 1, 0, 0, 0, '0.00', 0, '2017-03-16 06:31:06', '2017-03-16 06:31:06', NULL, NULL),
(175, 175, '30.00', '0.00', '30.00', 1, 0, 0, 0, '0.00', 0, '2017-03-16 06:32:30', '2017-03-16 06:32:30', NULL, NULL),
(176, 176, '0.00', '34.00', '34.00', 2, 0, 0, 0, '0.00', 0, '2017-03-16 06:33:42', '2017-03-16 06:33:42', NULL, NULL),
(177, 177, '0.00', '18.00', '18.00', 2, 0, 0, 0, '0.00', 0, '2017-03-16 06:37:39', '2017-03-16 06:37:39', NULL, NULL),
(178, 178, '26.00', '0.00', '26.00', 1, 0, 0, 0, '0.00', 0, '2017-03-16 06:38:53', '2017-03-16 06:38:53', NULL, NULL),
(179, 179, '40.00', '0.00', '40.00', 1, 0, 0, 0, '0.00', 0, '2017-03-16 06:39:58', '2017-03-16 06:39:58', NULL, NULL),
(180, 180, '10.00', '0.00', '10.00', 1, 0, 0, 0, '0.00', 0, '2017-03-16 06:41:13', '2017-03-16 06:41:13', NULL, NULL),
(181, 181, '10.00', '0.00', '10.00', 1, 0, 0, 0, '0.00', 0, '2017-03-16 06:44:42', '2017-03-16 06:44:42', NULL, NULL),
(182, 182, '32.00', '0.00', '32.00', 1, 0, 0, 0, '0.00', 0, '2017-03-16 06:46:18', '2017-03-16 06:46:18', NULL, NULL),
(183, 183, '20.00', '28.00', '48.00', 2, 0, 0, 0, '0.00', 0, '2017-03-16 06:47:22', '2017-03-16 06:47:22', NULL, NULL),
(184, 184, '30.00', '0.00', '30.00', 1, 0, 0, 0, '0.00', 0, '2017-03-16 07:01:15', '2017-03-16 07:01:15', NULL, NULL),
(185, 185, '9.00', '0.00', '9.00', 1, 0, 0, 0, '0.00', 0, '2017-03-17 02:53:20', '2017-03-17 02:53:20', NULL, NULL),
(186, 186, '27.90', '0.00', '27.90', 1, 0, 0, 0, '0.00', 0, '2017-03-17 02:59:48', '2017-03-17 02:59:48', NULL, NULL),
(187, 187, '27.90', '0.00', '27.90', 1, 0, 0, 0, '0.00', 0, '2017-03-17 03:11:14', '2017-03-17 03:11:14', NULL, NULL),
(188, 188, '0.00', '32.40', '32.40', 2, 0, 0, 0, '0.00', 0, '2017-03-17 03:14:23', '2017-03-17 03:14:23', NULL, NULL),
(189, 189, '75.00', '0.00', '75.00', 1, 0, 0, 0, '0.00', 0, '2017-03-17 05:25:24', '2017-03-17 05:25:24', NULL, NULL),
(190, 190, '20.00', '0.00', '20.00', 1, 0, 0, 0, '0.00', 0, '2017-03-17 05:28:30', '2017-03-17 05:28:30', NULL, NULL),
(191, 192, '10.00', '0.00', '10.00', 1, 0, 0, 0, '0.00', 0, '2017-03-17 05:30:12', '2017-03-17 05:30:12', NULL, NULL),
(192, 193, '48.00', '0.00', '48.00', 1, 0, 0, 0, '0.00', 0, '2017-03-17 05:31:33', '2017-03-17 05:31:33', NULL, NULL),
(193, 194, '44.00', '0.00', '44.00', 1, 0, 0, 0, '0.00', 0, '2017-03-17 05:36:51', '2017-03-17 05:36:51', NULL, NULL),
(194, 195, '20.00', '0.00', '20.00', 1, 0, 0, 0, '0.00', 0, '2017-03-17 05:39:26', '2017-03-17 05:39:26', NULL, NULL),
(195, 196, '20.00', '20.00', '40.00', 2, 0, 0, 0, '0.00', 0, '2017-03-17 05:41:01', '2017-03-17 05:41:01', NULL, NULL),
(196, 197, '15.00', '15.00', '30.00', 2, 0, 0, 0, '0.00', 0, '2017-03-17 05:41:48', '2017-03-17 05:41:48', NULL, NULL),
(197, 198, '30.00', '0.00', '30.00', 1, 0, 0, 0, '0.00', 0, '2017-03-17 05:42:34', '2017-03-17 05:42:34', NULL, NULL),
(198, 199, '10.00', '8.00', '18.00', 2, 0, 0, 0, '0.00', 0, '2017-03-17 05:44:19', '2017-03-17 05:44:19', NULL, NULL),
(199, 200, '20.00', '0.00', '20.00', 1, 0, 0, 0, '0.00', 0, '2017-03-17 05:47:10', '2017-03-17 05:47:10', NULL, NULL),
(200, 201, '0.00', '18.00', '18.00', 2, 0, 0, 0, '0.00', 0, '2017-03-17 05:48:06', '2017-03-17 05:48:06', NULL, NULL),
(201, 202, '30.00', '0.00', '30.00', 1, 0, 0, 0, '0.00', 0, '2017-03-17 05:51:33', '2017-03-17 05:51:33', NULL, NULL),
(202, 203, '0.00', '8.00', '8.00', 2, 0, 0, 0, '0.00', 0, '2017-03-17 05:53:31', '2017-03-17 05:53:31', NULL, NULL),
(203, 204, '0.00', '10.00', '10.00', 2, 0, 0, 0, '0.00', 0, '2017-03-18 08:57:42', '2017-03-18 08:57:42', NULL, NULL),
(204, 205, '0.00', '18.00', '18.00', 2, 0, 0, 0, '0.00', 0, '2017-03-18 09:43:53', '2017-03-18 09:43:53', NULL, NULL),
(205, 206, '20.00', '24.00', '44.00', 2, 0, 0, 0, '0.00', 0, '2017-03-18 09:58:18', '2017-03-18 09:58:18', NULL, NULL),
(206, 207, '8.00', '0.00', '8.00', 1, 0, 0, 0, '0.00', 0, '2017-03-18 10:00:51', '2017-03-18 10:00:51', NULL, NULL),
(207, 208, '30.00', '0.00', '30.00', 1, 0, 0, 0, '0.00', 0, '2017-03-18 10:03:52', '2017-03-18 10:03:52', NULL, NULL),
(208, 209, '0.00', '52.00', '52.00', 2, 0, 0, 0, '0.00', 0, '2017-03-18 10:13:25', '2017-03-18 10:13:25', NULL, NULL),
(209, 210, '41.90', '0.00', '41.90', 1, 0, 0, 0, '0.00', 0, '2017-03-18 10:15:50', '2017-03-18 10:15:50', NULL, NULL),
(210, 211, '0.00', '28.00', '28.00', 2, 0, 0, 0, '0.00', 0, '2017-03-18 10:16:45', '2017-03-18 10:16:45', NULL, NULL),
(211, 212, '0.00', '44.00', '44.00', 2, 0, 0, 0, '0.00', 0, '2017-03-18 10:22:34', '2017-03-18 10:22:34', NULL, NULL),
(212, 213, '38.00', '0.00', '38.00', 1, 0, 0, 0, '0.00', 0, '2017-03-18 10:25:32', '2017-03-18 10:25:32', NULL, NULL),
(213, 214, '0.00', '8.00', '8.00', 2, 0, 0, 0, '0.00', 0, '2017-03-18 10:26:32', '2017-03-18 10:26:32', NULL, NULL),
(214, 215, '10.00', '8.00', '18.00', 2, 0, 0, 0, '0.00', 0, '2017-03-18 10:29:09', '2017-03-18 10:29:09', NULL, NULL),
(215, 216, '20.00', '0.00', '20.00', 1, 0, 0, 0, '0.00', 0, '2017-03-18 10:32:29', '2017-03-18 10:32:29', NULL, NULL),
(216, 217, '10.00', '0.00', '10.00', 1, 0, 0, 0, '0.00', 0, '2017-03-18 10:33:13', '2017-03-18 10:33:13', NULL, NULL),
(217, 218, '10.00', '0.00', '10.00', 1, 0, 0, 0, '0.00', 0, '2017-03-18 10:34:26', '2017-03-18 10:34:26', NULL, NULL),
(218, 219, '0.00', '18.00', '18.00', 2, 0, 0, 0, '0.00', 0, '2017-03-18 10:36:00', '2017-03-18 10:36:00', NULL, NULL),
(219, 220, '22.00', '0.00', '22.00', 1, 0, 0, 0, '0.00', 0, '2017-03-18 10:38:14', '2017-03-18 10:38:14', NULL, NULL),
(220, 221, '41.90', '0.00', '41.90', 1, 0, 0, 0, '0.00', 0, '2017-03-18 10:40:00', '2017-03-18 10:40:00', NULL, NULL),
(221, 222, '36.00', '0.00', '36.00', 1, 0, 0, 0, '0.00', 0, '2017-03-18 10:43:08', '2017-03-18 10:43:08', NULL, NULL),
(222, 223, '10.00', '10.00', '20.00', 2, 0, 0, 0, '0.00', 0, '2017-03-18 10:45:16', '2017-03-18 10:45:16', NULL, NULL),
(223, 224, '0.00', '10.00', '10.00', 2, 0, 0, 0, '0.00', 0, '2017-03-18 10:47:23', '2017-03-18 10:47:23', NULL, NULL),
(224, 225, '41.90', '0.00', '41.90', 1, 0, 0, 0, '0.00', 0, '2017-03-18 10:48:21', '2017-03-18 10:48:21', NULL, NULL),
(225, 226, '24.00', '0.00', '24.00', 1, 0, 0, 0, '0.00', 0, '2017-03-18 10:48:59', '2017-03-18 10:48:59', NULL, NULL),
(226, 227, '0.00', '10.00', '10.00', 2, 0, 0, 0, '0.00', 0, '2017-03-18 10:49:55', '2017-03-18 10:49:55', NULL, NULL),
(227, 228, '0.00', '24.00', '24.00', 2, 0, 0, 0, '0.00', 0, '2017-03-18 10:51:37', '2017-03-18 10:51:37', NULL, NULL),
(228, 229, '0.00', '10.00', '10.00', 2, 0, 0, 0, '0.00', 0, '2017-03-18 10:53:10', '2017-03-18 10:53:10', NULL, NULL),
(229, 230, '5.00', '5.00', '10.00', 2, 0, 0, 0, '0.00', 0, '2017-03-18 10:53:48', '2017-03-18 10:53:48', NULL, NULL),
(230, 231, '16.00', '0.00', '16.00', 1, 0, 0, 0, '0.00', 0, '2017-03-18 10:56:24', '2017-03-18 10:56:24', NULL, NULL),
(231, 232, '32.00', '0.00', '32.00', 1, 0, 0, 0, '0.00', 0, '2017-03-18 10:57:54', '2017-03-18 10:57:54', NULL, NULL),
(232, 233, '20.00', '16.00', '36.00', 2, 0, 0, 0, '0.00', 0, '2017-03-18 11:02:17', '2017-03-18 11:02:17', NULL, NULL),
(233, 234, '20.00', '12.00', '32.00', 2, 0, 0, 0, '0.00', 0, '2017-03-18 11:23:22', '2017-03-18 11:23:22', NULL, NULL),
(234, 235, '28.00', '0.00', '28.00', 1, 0, 0, 0, '0.00', 0, '2017-03-18 11:24:35', '2017-03-18 11:24:35', NULL, NULL),
(235, 236, '0.00', '8.00', '8.00', 2, 0, 0, 0, '0.00', 0, '2017-03-18 11:25:16', '2017-03-18 11:25:16', NULL, NULL),
(236, 237, '50.00', '0.00', '50.00', 1, 0, 0, 0, '0.00', 0, '2017-03-18 11:33:56', '2017-03-18 11:33:56', NULL, NULL),
(237, 238, '40.00', '0.00', '40.00', 1, 0, 0, 0, '0.00', 0, '2017-03-18 11:35:11', '2017-03-18 11:35:11', NULL, NULL),
(238, 239, '32.00', '0.00', '32.00', 1, 0, 0, 0, '0.00', 0, '2017-03-18 11:36:07', '2017-03-18 11:36:07', NULL, NULL),
(239, 240, '22.00', '0.00', '22.00', 1, 0, 0, 0, '0.00', 0, '2017-03-18 11:37:56', '2017-03-18 11:37:56', NULL, NULL),
(240, 241, '8.00', '0.00', '8.00', 1, 0, 0, 0, '0.00', 0, '2017-03-18 11:38:35', '2017-03-18 11:38:35', NULL, NULL),
(241, 242, '0.00', '16.00', '16.00', 2, 0, 0, 0, '0.00', 0, '2017-03-18 11:40:58', '2017-03-18 11:40:58', NULL, NULL),
(242, 243, '6.00', '0.00', '6.00', 1, 0, 0, 0, '0.00', 0, '2017-03-18 11:43:30', '2017-03-18 11:43:30', NULL, NULL),
(243, 244, '0.00', '88.00', '88.00', 2, 0, 0, 0, '0.00', 0, '2017-03-18 11:49:45', '2017-03-18 11:49:45', NULL, NULL),
(244, 245, '10.00', '0.00', '10.00', 1, 0, 0, 0, '0.00', 0, '2017-03-18 11:51:51', '2017-03-18 11:51:51', NULL, NULL),
(245, 246, '10.00', '25.00', '35.00', 2, 0, 0, 0, '0.00', 0, '2017-03-18 11:53:34', '2017-03-18 11:53:34', NULL, NULL),
(246, 247, '10.00', '0.00', '10.00', 1, 0, 0, 0, '0.00', 0, '2017-03-18 11:54:32', '2017-03-18 11:54:32', NULL, NULL),
(247, 248, '30.00', '0.00', '30.00', 1, 0, 0, 0, '0.00', 0, '2017-03-18 11:55:59', '2017-03-18 11:55:59', NULL, NULL),
(248, 249, '22.00', '0.00', '22.00', 1, 0, 0, 0, '0.00', 0, '2017-03-18 12:08:47', '2017-03-18 12:08:47', NULL, NULL),
(249, 250, '32.00', '0.00', '32.00', 1, 0, 0, 0, '0.00', 0, '2017-03-18 12:17:09', '2017-03-18 12:17:09', NULL, NULL),
(250, 251, '30.00', '0.00', '30.00', 1, 0, 0, 0, '0.00', 0, '2017-03-18 12:18:21', '2017-03-18 12:18:21', NULL, NULL);

-- --------------------------------------------------------

--
-- Estructura de tabla para la tabla `Prenda`
--

CREATE TABLE IF NOT EXISTS `Prenda` (
  `idPrenda` int(11) NOT NULL AUTO_INCREMENT,
  `nombrePrenda` varchar(100) NOT NULL,
  `descripcionPrenda` varchar(400) NOT NULL,
  `precioServicio` float NOT NULL,
  `FechaCreacion` datetime NOT NULL DEFAULT CURRENT_TIMESTAMP,
  PRIMARY KEY (`idPrenda`)
) ENGINE=InnoDB  DEFAULT CHARSET=utf8 AUTO_INCREMENT=63 ;

--
-- Volcado de datos para la tabla `Prenda`
--

INSERT INTO `Prenda` (`idPrenda`, `nombrePrenda`, `descripcionPrenda`, `precioServicio`, `FechaCreacion`) VALUES
(1, 'TERNO', 'TERNO', 22, '2017-03-10 16:08:20'),
(2, 'SACO', 'SACO', 12, '2017-03-10 16:08:36'),
(3, 'CORBATA', 'CORBATA', 6, '2017-03-10 16:08:53'),
(4, 'CAMISA', 'CAMISA', 8, '2017-03-10 16:09:41'),
(5, 'PANTALON', 'PANTALON', 10, '2017-03-10 16:09:55'),
(6, 'SHORT', 'SHORT', 10, '2017-03-10 16:11:47'),
(7, 'FALDA', 'FALDA', 10, '2017-03-10 16:11:47'),
(8, 'PULOVER', 'PULOVER', 9, '2017-03-10 16:36:55'),
(30, 'CHOMPA', 'CHOMPA', 10, '2017-03-10 16:39:13'),
(31, 'SACON', 'SACON', 18, '2017-03-10 16:40:29'),
(32, 'ABRIGO', 'ABRIGO', 24, '2017-03-11 10:13:57'),
(33, 'ABRIGO2', 'ABRIGO2', 28, '2017-03-11 10:14:16'),
(34, 'CHALECO 8', 'CHALECO 8', 8, '2017-03-11 10:14:42'),
(35, 'CHALECO 16', 'CHALECO 16', 16, '2017-03-11 10:14:53'),
(36, 'CHALECO PLUMAS', 'CHALECO PLUMAS', 20, '2017-03-11 10:15:05'),
(37, 'CASACA', 'CASACA', 18, '2017-03-11 10:15:19'),
(38, 'CASACA  PLUMAS', 'CASACA  PLUMAS', 24, '2017-03-11 10:15:31'),
(39, 'VESTIDO SIMPLE', 'VESTIDO SIMPLE', 20, '2017-03-11 10:15:47'),
(40, 'VESTIDO FIESTA', 'VESTIDO FIESTA', 28, '2017-03-11 10:15:59'),
(41, 'CHAL', 'CHAL', 16, '2017-03-11 10:16:09'),
(42, 'PASHMINA', 'PASHMINA', 10, '2017-03-11 10:16:21'),
(43, 'CHALINA', 'CHALINA', 10, '2017-03-11 10:16:32'),
(44, 'EDREDON 30', 'EDREDON 30', 30, '2017-03-11 10:16:44'),
(45, 'EDREDON 35', 'EDREDON 35', 35, '2017-03-11 10:16:53'),
(46, 'EDREDON PLUMAS', 'EDREDON PLUMAS', 45, '2017-03-11 10:17:11'),
(47, 'FRAZADA 18', 'FRAZADA 18', 18, '2017-03-11 10:17:25'),
(48, 'FRAZADA  24', 'FRAZADA  24', 24, '2017-03-11 10:17:35'),
(49, 'CUBRECAMA', 'CUBRECAMA', 30, '2017-03-11 10:17:49'),
(50, 'COLCHA', 'COLCHA', 18, '2017-03-11 10:18:04'),
(51, 'JUEGO SABANAS', 'JUEGO SABANAS', 18, '2017-03-11 10:18:34'),
(52, 'ALMOHADAS', 'ALMOHADAS', 12, '2017-03-11 10:18:48'),
(53, 'PROTECTOR', 'PROTECTOR', 18, '2017-03-11 10:19:04'),
(54, 'COBERTOR', 'COBERTOR', 22, '2017-03-11 10:19:16'),
(55, 'CORTINA BAÑO', 'CORTINA BAÑO', 14, '2017-03-11 10:19:32'),
(56, 'PISOS', 'PISOS', 10, '2017-03-11 10:19:43'),
(57, 'MANTEL  22', 'MANTEL  22', 22, '2017-03-11 10:19:59'),
(58, 'MANTEL  24', 'MANTEL  24', 24, '2017-03-11 10:20:09'),
(59, 'SERVILLETAS', 'SERVILLETAS', 2.5, '2017-03-11 10:20:23'),
(60, 'CASACA DE CUERO', 'CASACA DE CUERO', 75, '2017-03-11 11:36:00'),
(61, 'BLUSAS', 'BLUSA', 8, '2017-03-14 18:23:50'),
(62, 'POLO', 'POLO', 8, '2017-03-14 18:28:35');

-- --------------------------------------------------------

--
-- Estructura de tabla para la tabla `Servicio`
--

CREATE TABLE IF NOT EXISTS `Servicio` (
  `idServicio` int(11) NOT NULL AUTO_INCREMENT,
  `nombreServicio` varchar(100) NOT NULL,
  `precioServicio` float NOT NULL,
  `cantidadMinima` int(11) DEFAULT NULL,
  `fecha_registro` datetime NOT NULL DEFAULT CURRENT_TIMESTAMP,
  PRIMARY KEY (`idServicio`)
) ENGINE=MyISAM  DEFAULT CHARSET=latin1 AUTO_INCREMENT=9 ;

--
-- Volcado de datos para la tabla `Servicio`
--

INSERT INTO `Servicio` (`idServicio`, `nombreServicio`, `precioServicio`, `cantidadMinima`, `fecha_registro`) VALUES
(1, 'ROPA AL PESO', 4.5, 2, '2017-02-09 09:33:14'),
(7, 'BLANQUEADOR', 2, 1, '2017-03-18 16:58:42'),
(8, 'SUAVIZANTE', 2, 1, '2017-03-18 16:58:43');

-- --------------------------------------------------------

--
-- Estructura de tabla para la tabla `usuario`
--

CREATE TABLE IF NOT EXISTS `usuario` (
  `id` int(11) NOT NULL AUTO_INCREMENT,
  `nombre` varchar(50) NOT NULL,
  `apellido` varchar(50) NOT NULL,
  `email` varchar(50) NOT NULL,
  `sucursal` varchar(60) NOT NULL,
  `password` varchar(30) NOT NULL,
  `tipo` int(11) NOT NULL,
  PRIMARY KEY (`id`)
) ENGINE=InnoDB  DEFAULT CHARSET=latin1 AUTO_INCREMENT=13 ;

--
-- Volcado de datos para la tabla `usuario`
--

INSERT INTO `usuario` (`id`, `nombre`, `apellido`, `email`, `sucursal`, `password`, `tipo`) VALUES
(1, 'ADMIN', 'ADMIN', 'ADMIN', 'San Isidro', '1234', 1),
(2, 'LAURELES', 'LAURELES', 'LAURELES', 'LAURELES', '123', 0),
(3, 'MANARELLI', 'MANARELLI', 'MANARELLI', 'MANARELLI', '123', 0),
(4, 'FLORATRISTAN', 'FLORATRISTAN', 'FLORATRISTAN', 'FLORATRISTAN', '123', 0);

-- --------------------------------------------------------

--
-- Estructura de tabla para la tabla `Variable`
--

CREATE TABLE IF NOT EXISTS `Variable` (
  `idVariable` int(11) NOT NULL AUTO_INCREMENT,
  `nombreVariable` varchar(30) DEFAULT NULL COMMENT 'nombre variable',
  `valorVariable` varchar(40) DEFAULT NULL COMMENT 'valor',
  PRIMARY KEY (`idVariable`)
) ENGINE=MyISAM  DEFAULT CHARSET=latin1 AUTO_INCREMENT=3 ;

--
-- Volcado de datos para la tabla `Variable`
--

INSERT INTO `Variable` (`idVariable`, `nombreVariable`, `valorVariable`) VALUES
(1, 'IGV', '18'),
(2, 'TIPO_CAMBIO', '3.23');

/*!40101 SET CHARACTER_SET_CLIENT=@OLD_CHARACTER_SET_CLIENT */;
/*!40101 SET CHARACTER_SET_RESULTS=@OLD_CHARACTER_SET_RESULTS */;
/*!40101 SET COLLATION_CONNECTION=@OLD_COLLATION_CONNECTION */;
